#
# There is insufficient memory for the Java Runtime Environment to continue.
# Native memory allocation (mmap) failed to map 198180864 bytes for G1 virtual space
# Possible reasons:
#   The system is out of physical RAM or swap space
#   The process is running with CompressedOops enabled, and the Java Heap may be blocking the growth of the native heap
# Possible solutions:
#   Reduce memory load on the system
#   Increase physical memory or swap space
#   Check if swap backing store is full
#   Decrease Java heap size (-Xmx/-Xms)
#   Decrease number of Java threads
#   Decrease Java thread stack sizes (-Xss)
#   Set larger code cache with -XX:ReservedCodeCacheSize=
#   JVM is running with Unscaled Compressed Oops mode in which the Java heap is
#     placed in the first 4GB address space. The Java Heap base address is the
#     maximum limit for the native heap growth. Please use -XX:HeapBaseMinAddress
#     to set the Java Heap base and to place the Java Heap above 4GB virtual address.
# This output file may be truncated or incomplete.
#
#  Out of Memory Error (os_windows.cpp:3548), pid=12404, tid=13692
#
# JRE version: Java(TM) SE Runtime Environment (17.0.12+8) (build 17.0.12+8-LTS-286)
# Java VM: Java HotSpot(TM) 64-Bit Server VM (17.0.12+8-LTS-286, mixed mode, sharing, tiered, compressed oops, compressed class ptrs, g1 gc, windows-amd64)
# No core dump will be written. Minidumps are not enabled by default on client versions of Windows
#

---------------  S U M M A R Y ------------

Command Line: --add-opens=java.base/java.lang=ALL-UNNAMED --add-opens=java.base/java.lang.invoke=ALL-UNNAMED --add-opens=java.base/java.util=ALL-UNNAMED --add-opens=java.prefs/java.util.prefs=ALL-UNNAMED --add-exports=jdk.compiler/com.sun.tools.javac.api=ALL-UNNAMED --add-exports=jdk.compiler/com.sun.tools.javac.util=ALL-UNNAMED --add-opens=java.base/java.util=ALL-UNNAMED --add-opens=java.prefs/java.util.prefs=ALL-UNNAMED --add-opens=java.base/java.nio.charset=ALL-UNNAMED --add-opens=java.base/java.net=ALL-UNNAMED --add-opens=java.base/java.util.concurrent=ALL-UNNAMED --add-opens=java.base/java.util.concurrent.atomic=ALL-UNNAMED --add-opens=java.xml/javax.xml.namespace=ALL-UNNAMED -XX:MaxMetaspaceSize=512m -Xmx2048m -Dfile.encoding=windows-1252 -Duser.country=US -Duser.language=en -Duser.variant -javaagent:C:\Users\Kashif Ali\.gradle\wrapper\dists\gradle-9.0.0-bin\d6wjpkvcgsg3oed0qlfss3wgl\gradle-9.0.0\lib\agents\gradle-instrumentation-agent-9.0.0.jar org.gradle.launcher.daemon.bootstrap.GradleDaemon 9.0.0

Host: Intel(R) Core(TM) i5-7300U CPU @ 2.60GHz, 4 cores, 15G,  Windows 10 , 64 bit Build 19041 (10.0.19041.5915)
Time: Sat Jan 17 18:48:26 2026 Pakistan Standard Time elapsed time: 1634.993471 seconds (0d 0h 27m 14s)

---------------  T H R E A D  ---------------

Current thread (0x00000157e2b86310):  VMThread "VM Thread" [stack: 0x000000227a300000,0x000000227a400000] [id=13692]

Stack: [0x000000227a300000,0x000000227a400000]
Native frames: (J=compiled Java code, j=interpreted, Vv=VM code, C=native code)
V  [jvm.dll+0x67a04a]
V  [jvm.dll+0x7da4ed]
V  [jvm.dll+0x7dbe33]
V  [jvm.dll+0x7dc4a3]
V  [jvm.dll+0x24508f]
V  [jvm.dll+0x677089]
V  [jvm.dll+0x66bd32]
V  [jvm.dll+0x301fa6]
V  [jvm.dll+0x309546]
V  [jvm.dll+0x359d2e]
V  [jvm.dll+0x359f5f]
V  [jvm.dll+0x2d9078]
V  [jvm.dll+0x2dc0e6]
V  [jvm.dll+0x2e67eb]
V  [jvm.dll+0x31a870]
V  [jvm.dll+0x7e0d9b]
V  [jvm.dll+0x7e1ad4]
V  [jvm.dll+0x7e1fed]
V  [jvm.dll+0x7e23c4]
V  [jvm.dll+0x7e2490]
V  [jvm.dll+0x78abea]
V  [jvm.dll+0x678f35]
C  [ucrtbase.dll+0x21bb2]
C  [KERNEL32.DLL+0x17374]
C  [ntdll.dll+0x4cc91]

VM_Operation (0x0000002279fff5d0): G1Concurrent, mode: safepoint, requested by thread 0x00000157c5251320


---------------  P R O C E S S  ---------------

Threads class SMR info:
_java_thread_list=0x000001579037dec0, length=94, elements={
0x00000157c51e9c10, 0x00000157e2b8dbf0, 0x00000157e2b8f4d0, 0x00000157e2ba4590,
0x00000157e2ba4e60, 0x00000157e2ba5730, 0x00000157e2bab540, 0x00000157e2ba63e0,
0x00000157e2bb7e40, 0x00000157e2bb8750, 0x00000157fe09ef40, 0x00000157fe1922d0,
0x0000015784102a60, 0x0000015784606a80, 0x00000157fe027200, 0x00000157ff5475b0,
0x00000157ff54a340, 0x00000157ff548f00, 0x000001578657dd40, 0x000001578657fba0,
0x000001578657f180, 0x0000015786581a00, 0x00000157866f8f90, 0x0000015787f217c0,
0x0000015787f22c00, 0x0000015787f25990, 0x00000157fef69460, 0x00000157fef6a390,
0x00000157fef6bce0, 0x00000157fef6d120, 0x00000157fef6d630, 0x00000157fef6c1f0,
0x00000157fef6db40, 0x00000157fef6e560, 0x00000157fef6ea70, 0x00000157fef6ef80,
0x00000157fef67b10, 0x00000157865800b0, 0x0000015786584280, 0x000001578657e250,
0x000001578657f690, 0x0000015786580ad0, 0x0000015786581f10, 0x00000157865814f0,
0x000001578657e760, 0x0000015786582420, 0x000001578657d830, 0x0000015786583350,
0x0000015786583860, 0x000001578657ec70, 0x0000015786584790, 0x000001578657d320,
0x0000015787f1f450, 0x0000015787f21cd0, 0x0000015787f20890, 0x0000015787f226f0,
0x0000015787f24040, 0x0000015787f25480, 0x0000015787f1ea30, 0x0000015787f1fe70,
0x0000015787f24f70, 0x0000015787f1ef40, 0x0000015787f23110, 0x0000015787f1f960,
0x0000015787f24a60, 0x0000015787f20380, 0x0000015787f20da0, 0x0000015787f212b0,
0x00000157866ff4d0, 0x00000157866fadf0, 0x00000157866f94a0, 0x00000157866fc230,
0x00000157866fe090, 0x00000157866fb810, 0x00000157866fc740, 0x00000157866fcc50,
0x00000157866fd160, 0x00000157866fa3d0, 0x00000157866fdb80, 0x00000157866f8060,
0x00000157866ff9e0, 0x00000157866f8a80, 0x00000157ff546b90, 0x00000157ff5470a0,
0x00000157ff547ac0, 0x00000157ff549920, 0x00000157ff547fd0, 0x00000157ff5484e0,
0x00000157ff5489f0, 0x00000157871ce9b0, 0x00000157871cb710, 0x00000157871c7f60,
0x00000157871c93a0, 0x0000015784e85080
}

Java Threads: ( => current thread )
  0x00000157c51e9c10 JavaThread "main" [_thread_blocked, id=16424, stack(0x0000002279d00000,0x0000002279e00000)]
  0x00000157e2b8dbf0 JavaThread "Reference Handler" daemon [_thread_blocked, id=8508, stack(0x000000227a400000,0x000000227a500000)]
  0x00000157e2b8f4d0 JavaThread "Finalizer" daemon [_thread_blocked, id=14024, stack(0x000000227a500000,0x000000227a600000)]
  0x00000157e2ba4590 JavaThread "Signal Dispatcher" daemon [_thread_blocked, id=13584, stack(0x000000227a600000,0x000000227a700000)]
  0x00000157e2ba4e60 JavaThread "Attach Listener" daemon [_thread_blocked, id=20132, stack(0x000000227a700000,0x000000227a800000)]
  0x00000157e2ba5730 JavaThread "Service Thread" daemon [_thread_blocked, id=13024, stack(0x000000227a800000,0x000000227a900000)]
  0x00000157e2bab540 JavaThread "Monitor Deflation Thread" daemon [_thread_blocked, id=2160, stack(0x000000227a900000,0x000000227aa00000)]
  0x00000157e2ba63e0 JavaThread "C2 CompilerThread0" daemon [_thread_blocked, id=12992, stack(0x000000227aa00000,0x000000227ab00000)]
  0x00000157e2bb7e40 JavaThread "C1 CompilerThread0" daemon [_thread_blocked, id=9740, stack(0x000000227ab00000,0x000000227ac00000)]
  0x00000157e2bb8750 JavaThread "Sweeper thread" daemon [_thread_blocked, id=676, stack(0x000000227ac00000,0x000000227ad00000)]
  0x00000157fe09ef40 JavaThread "Common-Cleaner" daemon [_thread_blocked, id=12020, stack(0x000000227ad00000,0x000000227ae00000)]
  0x00000157fe1922d0 JavaThread "Notification Thread" daemon [_thread_blocked, id=16532, stack(0x000000227ae00000,0x000000227af00000)]
  0x0000015784102a60 JavaThread "Daemon health stats" [_thread_blocked, id=2980, stack(0x000000227b500000,0x000000227b600000)]
  0x0000015784606a80 JavaThread "Incoming local TCP Connector on port 56612" [_thread_in_native, id=4780, stack(0x000000227b300000,0x000000227b400000)]
  0x00000157fe027200 JavaThread "Daemon periodic checks" [_thread_blocked, id=8320, stack(0x000000227b600000,0x000000227b700000)]
  0x00000157ff5475b0 JavaThread "Cache worker for journal cache (C:\Users\Kashif Ali\.gradle\caches\journal-1)" [_thread_blocked, id=10748, stack(0x000000227be00000,0x000000227bf00000)]
  0x00000157ff54a340 JavaThread "File lock request listener" [_thread_in_native, id=17396, stack(0x000000227bf00000,0x000000227c000000)]
  0x00000157ff548f00 JavaThread "Cache worker for file hash cache (C:\Users\Kashif Ali\.gradle\caches\9.0.0\fileHashes)" [_thread_blocked, id=2212, stack(0x000000227c000000,0x000000227c100000)]
  0x000001578657dd40 JavaThread "File watcher server" daemon [_thread_blocked, id=18084, stack(0x000000227c400000,0x000000227c500000)]
  0x000001578657fba0 JavaThread "File watcher consumer" daemon [_thread_blocked, id=20088, stack(0x000000227c500000,0x000000227c600000)]
  0x000001578657f180 JavaThread "Cache worker for file content cache (C:\Users\Kashif Ali\.gradle\caches\9.0.0\fileContent)" [_thread_blocked, id=16624, stack(0x000000227c700000,0x000000227c800000)]
  0x0000015786581a00 JavaThread "jar transforms" [_thread_blocked, id=13644, stack(0x000000227ca00000,0x000000227cb00000)]
  0x00000157866f8f90 JavaThread "Memory manager" [_thread_blocked, id=12392, stack(0x000000227dc00000,0x000000227dd00000)]
  0x0000015787f217c0 JavaThread "jar transforms Thread 2" [_thread_blocked, id=17108, stack(0x000000227fe00000,0x000000227ff00000)]
  0x0000015787f22c00 JavaThread "jar transforms Thread 3" [_thread_blocked, id=19472, stack(0x000000227ff00000,0x0000002280000000)]
  0x0000015787f25990 JavaThread "jar transforms Thread 4" [_thread_blocked, id=7320, stack(0x0000002200300000,0x0000002200400000)]
  0x00000157fef69460 JavaThread "Daemon Thread 2" [_thread_blocked, id=19960, stack(0x0000002200000000,0x0000002200100000)]
  0x00000157fef6a390 JavaThread "Handler for socket connection from /127.0.0.1:56612 to /127.0.0.1:56905" [_thread_in_native, id=1484, stack(0x0000002200100000,0x0000002200200000)]
  0x00000157fef6bce0 JavaThread "Cancel handler" [_thread_blocked, id=4704, stack(0x0000002200200000,0x0000002200300000)]
  0x00000157fef6d120 JavaThread "Daemon worker Thread 2" [_thread_blocked, id=18648, stack(0x0000002200400000,0x0000002200500000)]
  0x00000157fef6d630 JavaThread "Asynchronous log dispatcher for DefaultDaemonConnection: socket connection from /127.0.0.1:56612 to /127.0.0.1:56905" [_thread_blocked, id=5028, stack(0x0000002200500000,0x0000002200600000)]
  0x00000157fef6c1f0 JavaThread "Stdin handler" [_thread_blocked, id=252, stack(0x0000002200600000,0x0000002200700000)]
  0x00000157fef6db40 JavaThread "Daemon client event forwarder" [_thread_blocked, id=12564, stack(0x0000002200700000,0x0000002200800000)]
  0x00000157fef6e560 JavaThread "Cache worker for file hash cache (D:\HisabKaro\moblle\Hisab-Karo\android\.gradle\9.0.0\fileHashes)" [_thread_blocked, id=18928, stack(0x0000002200800000,0x0000002200900000)]
  0x00000157fef6ea70 JavaThread "Cache worker for Build Output Cleanup Cache (D:\HisabKaro\moblle\Hisab-Karo\android\.gradle\buildOutputCleanup)" [_thread_blocked, id=19784, stack(0x0000002200900000,0x0000002200a00000)]
  0x00000157fef6ef80 JavaThread "Cache worker for checksums cache (D:\HisabKaro\moblle\Hisab-Karo\android\.gradle\9.0.0\checksums)" [_thread_blocked, id=18824, stack(0x0000002200a00000,0x0000002200b00000)]
  0x00000157fef67b10 JavaThread "Cache worker for cache directory md-supplier (C:\Users\Kashif Ali\.gradle\caches\9.0.0\md-supplier)" [_thread_blocked, id=17872, stack(0x0000002200b00000,0x0000002200c00000)]
  0x00000157865800b0 JavaThread "Cache worker for cache directory md-rule (C:\Users\Kashif Ali\.gradle\caches\9.0.0\md-rule)" [_thread_blocked, id=19980, stack(0x0000002200c00000,0x0000002200d00000)]
  0x0000015786584280 JavaThread "Cache worker for Build Output Cleanup Cache (D:\HisabKaro\moblle\Hisab-Karo\node_modules\@react-native\gradle-plugin\.gradle\buildOutputCleanup)" [_thread_blocked, id=18900, stack(0x0000002200d00000,0x0000002200e00000)]
  0x000001578657e250 JavaThread "Unconstrained build operations" [_thread_blocked, id=4816, stack(0x0000002200e00000,0x0000002200f00000)]
  0x000001578657f690 JavaThread "Unconstrained build operations Thread 2" [_thread_blocked, id=19296, stack(0x0000002200f00000,0x0000002201000000)]
  0x0000015786580ad0 JavaThread "Unconstrained build operations Thread 3" [_thread_blocked, id=17840, stack(0x0000002201000000,0x0000002201100000)]
  0x0000015786581f10 JavaThread "Unconstrained build operations Thread 4" [_thread_blocked, id=1560, stack(0x0000002201100000,0x0000002201200000)]
  0x00000157865814f0 JavaThread "Unconstrained build operations Thread 5" [_thread_blocked, id=19976, stack(0x0000002201300000,0x0000002201400000)]
  0x000001578657e760 JavaThread "Unconstrained build operations Thread 6" [_thread_blocked, id=18716, stack(0x0000002201400000,0x0000002201500000)]
  0x0000015786582420 JavaThread "Unconstrained build operations Thread 7" [_thread_blocked, id=19176, stack(0x0000002201500000,0x0000002201600000)]
  0x000001578657d830 JavaThread "Unconstrained build operations Thread 8" [_thread_blocked, id=3464, stack(0x0000002201600000,0x0000002201700000)]
  0x0000015786583350 JavaThread "Unconstrained build operations Thread 9" [_thread_blocked, id=19772, stack(0x0000002201700000,0x0000002201800000)]
  0x0000015786583860 JavaThread "Unconstrained build operations Thread 10" [_thread_blocked, id=10080, stack(0x0000002201800000,0x0000002201900000)]
  0x000001578657ec70 JavaThread "build event listener" [_thread_blocked, id=3524, stack(0x0000002201900000,0x0000002201a00000)]
  0x0000015786584790 JavaThread "ForkJoinPool.commonPool-worker-5" daemon [_thread_blocked, id=19776, stack(0x0000002201a00000,0x0000002201b00000)]
  0x000001578657d320 JavaThread "ForkJoinPool.commonPool-worker-6" daemon [_thread_blocked, id=2600, stack(0x0000002201b00000,0x0000002201c00000)]
  0x0000015787f1f450 JavaThread "ForkJoinPool.commonPool-worker-7" daemon [_thread_blocked, id=5888, stack(0x0000002201c00000,0x0000002201d00000)]
  0x0000015787f21cd0 JavaThread "included builds" [_thread_blocked, id=16432, stack(0x0000002201d00000,0x0000002201e00000)]
  0x0000015787f20890 JavaThread "Execution worker" [_thread_blocked, id=9032, stack(0x0000002201e00000,0x0000002201f00000)]
  0x0000015787f226f0 JavaThread "Execution worker Thread 2" [_thread_blocked, id=10580, stack(0x0000002201f00000,0x0000002202000000)]
  0x0000015787f24040 JavaThread "Execution worker Thread 3" [_thread_blocked, id=11512, stack(0x0000002202000000,0x0000002202100000)]
  0x0000015787f25480 JavaThread "Cache worker for execution history cache (D:\HisabKaro\moblle\Hisab-Karo\node_modules\@react-native\gradle-plugin\.gradle\9.0.0\executionHistory)" [_thread_blocked, id=15240, stack(0x0000002202100000,0x0000002202200000)]
  0x0000015787f1ea30 JavaThread "Unconstrained build operations Thread 11" [_thread_blocked, id=1320, stack(0x0000002202200000,0x0000002202300000)]
  0x0000015787f1fe70 JavaThread "Unconstrained build operations Thread 12" [_thread_blocked, id=3248, stack(0x0000002202300000,0x0000002202400000)]
  0x0000015787f24f70 JavaThread "Unconstrained build operations Thread 13" [_thread_blocked, id=13192, stack(0x0000002202400000,0x0000002202500000)]
  0x0000015787f1ef40 JavaThread "Unconstrained build operations Thread 14" [_thread_blocked, id=20024, stack(0x0000002202500000,0x0000002202600000)]
  0x0000015787f23110 JavaThread "Unconstrained build operations Thread 15" [_thread_blocked, id=19828, stack(0x0000002202600000,0x0000002202700000)]
  0x0000015787f1f960 JavaThread "Unconstrained build operations Thread 16" [_thread_blocked, id=12428, stack(0x0000002202700000,0x0000002202800000)]
  0x0000015787f24a60 JavaThread "Unconstrained build operations Thread 17" [_thread_blocked, id=10724, stack(0x0000002202800000,0x0000002202900000)]
  0x0000015787f20380 JavaThread "Unconstrained build operations Thread 18" [_thread_blocked, id=19192, stack(0x0000002202900000,0x0000002202a00000)]
  0x0000015787f20da0 JavaThread "Unconstrained build operations Thread 19" [_thread_blocked, id=7920, stack(0x0000002202a00000,0x0000002202b00000)]
  0x0000015787f212b0 JavaThread "Unconstrained build operations Thread 20" [_thread_blocked, id=7188, stack(0x0000002202b00000,0x0000002202c00000)]
  0x00000157866ff4d0 JavaThread "Unconstrained build operations Thread 21" [_thread_blocked, id=7440, stack(0x0000002202c00000,0x0000002202d00000)]
  0x00000157866fadf0 JavaThread "Unconstrained build operations Thread 22" [_thread_blocked, id=16892, stack(0x0000002202d00000,0x0000002202e00000)]
  0x00000157866f94a0 JavaThread "Unconstrained build operations Thread 23" [_thread_blocked, id=14576, stack(0x0000002202e00000,0x0000002202f00000)]
  0x00000157866fc230 JavaThread "Unconstrained build operations Thread 24" [_thread_blocked, id=8360, stack(0x0000002202f00000,0x0000002203000000)]
  0x00000157866fe090 JavaThread "Unconstrained build operations Thread 25" [_thread_blocked, id=18792, stack(0x0000002203000000,0x0000002203100000)]
  0x00000157866fb810 JavaThread "Unconstrained build operations Thread 26" [_thread_blocked, id=10348, stack(0x0000002203100000,0x0000002203200000)]
  0x00000157866fc740 JavaThread "Unconstrained build operations Thread 27" [_thread_blocked, id=12916, stack(0x0000002203200000,0x0000002203300000)]
  0x00000157866fcc50 JavaThread "Unconstrained build operations Thread 28" [_thread_blocked, id=18996, stack(0x0000002203300000,0x0000002203400000)]
  0x00000157866fd160 JavaThread "Unconstrained build operations Thread 29" [_thread_blocked, id=9096, stack(0x0000002203400000,0x0000002203500000)]
  0x00000157866fa3d0 JavaThread "Unconstrained build operations Thread 30" [_thread_blocked, id=19884, stack(0x0000002203500000,0x0000002203600000)]
  0x00000157866fdb80 JavaThread "Unconstrained build operations Thread 31" [_thread_blocked, id=15328, stack(0x0000002203600000,0x0000002203700000)]
  0x00000157866f8060 JavaThread "Unconstrained build operations Thread 32" [_thread_blocked, id=1444, stack(0x0000002203700000,0x0000002203800000)]
  0x00000157866ff9e0 JavaThread "build event listener" [_thread_blocked, id=16516, stack(0x0000002203800000,0x0000002203900000)]
  0x00000157866f8a80 JavaThread "Problems report writer" [_thread_blocked, id=13300, stack(0x0000002203900000,0x0000002203a00000)]
  0x00000157ff546b90 JavaThread "Unconstrained build operations Thread 33" [_thread_blocked, id=10272, stack(0x0000002203a00000,0x0000002203b00000)]
  0x00000157ff5470a0 JavaThread "Unconstrained build operations Thread 34" [_thread_blocked, id=16708, stack(0x0000002203b00000,0x0000002203c00000)]
  0x00000157ff547ac0 JavaThread "Unconstrained build operations Thread 35" [_thread_blocked, id=5224, stack(0x0000002203c00000,0x0000002203d00000)]
  0x00000157ff549920 JavaThread "Unconstrained build operations Thread 36" [_thread_blocked, id=3408, stack(0x0000002203d00000,0x0000002203e00000)]
  0x00000157ff547fd0 JavaThread "Unconstrained build operations Thread 37" [_thread_blocked, id=17212, stack(0x0000002203e00000,0x0000002203f00000)]
  0x00000157ff5484e0 JavaThread "Unconstrained build operations Thread 38" [_thread_blocked, id=8872, stack(0x0000002203f00000,0x0000002204000000)]
  0x00000157ff5489f0 JavaThread "Unconstrained build operations Thread 39" [_thread_blocked, id=2748, stack(0x0000002204000000,0x0000002204100000)]
  0x00000157871ce9b0 JavaThread "Unconstrained build operations Thread 40" [_thread_blocked, id=4440, stack(0x0000002204100000,0x0000002204200000)]
  0x00000157871cb710 JavaThread "Exec process Thread 4" [_thread_blocked, id=13812, stack(0x0000002204200000,0x0000002204300000)]
  0x00000157871c7f60 JavaThread "Exec process Thread 5" [_thread_blocked, id=12492, stack(0x0000002204300000,0x0000002204400000)]
  0x00000157871c93a0 JavaThread "Exec process Thread 6" [_thread_blocked, id=9176, stack(0x0000002204400000,0x0000002204500000)]
  0x0000015784e85080 JavaThread "C2 CompilerThread1" daemon [_thread_in_native, id=1336, stack(0x0000002201200000,0x0000002201300000)]

Other Threads:
=>0x00000157e2b86310 VMThread "VM Thread" [stack: 0x000000227a300000,0x000000227a400000] [id=13692]
  0x00000157c5261da0 WatcherThread [stack: 0x000000227af00000,0x000000227b000000] [id=20440]
  0x00000157c30de8f0 GCTaskThread "GC Thread#0" [stack: 0x0000002279e00000,0x0000002279f00000] [id=16856]
  0x00000157fe2490e0 GCTaskThread "GC Thread#1" [stack: 0x000000227b000000,0x000000227b100000] [id=14384]
  0x00000157fe2493a0 GCTaskThread "GC Thread#2" [stack: 0x000000227b100000,0x000000227b200000] [id=2508]
  0x00000157fe249660 GCTaskThread "GC Thread#3" [stack: 0x000000227b200000,0x000000227b300000] [id=2372]
  0x00000157c5251320 ConcurrentGCThread "G1 Main Marker" [stack: 0x0000002279f00000,0x000000227a000000] [id=12772]
  0x00000157c5252180 ConcurrentGCThread "G1 Conc#0" [stack: 0x000000227a000000,0x000000227a100000] [id=20140]
  0x00000157c52ae970 ConcurrentGCThread "G1 Refine#0" [stack: 0x000000227a100000,0x000000227a200000] [id=17296]
  0x00000157febfece0 ConcurrentGCThread "G1 Refine#1" [stack: 0x000000227b400000,0x000000227b500000] [id=20424]
  0x00000157c52aec60 ConcurrentGCThread "G1 Service" [stack: 0x000000227a200000,0x000000227a300000] [id=10660]

Threads with active compile tasks:
C2 CompilerThread0  1635045 26016       4       org.gradle.util.Path::compareTo (110 bytes)
C2 CompilerThread1  1635045 26014       4       org.gradle.api.internal.artifacts.configurations.DefaultConfiguration::<init> (682 bytes)

VM state: at safepoint (normal execution)

VM Mutex/Monitor currently owned by a thread:  ([mutex/lock_event])
[0x00000157c51e5bc0] Threads_lock - owner thread: 0x00000157e2b86310
[0x00000157c51e5740] Heap_lock - owner thread: 0x00000157c5251320

Heap address: 0x0000000080000000, size: 2048 MB, Compressed Oops mode: 32-bit

CDS archive(s) mapped at: [0x00000157e3000000-0x00000157e3bd0000-0x00000157e3bd0000), size 12386304, SharedBaseAddress: 0x00000157e3000000, ArchiveRelocationMode: 1.
Compressed class space mapped at: 0x00000157e4000000-0x00000157fe000000, reserved size: 436207616
Narrow klass base: 0x00000157e3000000, Narrow klass shift: 0, Narrow klass range: 0x100000000

GC Precious Log:
 CPUs: 4 total, 4 available
 Memory: 16218M
 Large Page Support: Disabled
 NUMA Support: Disabled
 Compressed Oops: Enabled (32-bit)
 Heap Region Size: 1M
 Heap Min Capacity: 8M
 Heap Initial Capacity: 254M
 Heap Max Capacity: 2G
 Pre-touch: Disabled
 Parallel Workers: 4
 Concurrent Workers: 1
 Concurrent Refinement Workers: 4
 Periodic GC: Disabled

Heap:
 garbage-first heap   total 430080K, used 372330K [0x0000000080000000, 0x0000000100000000)
  region size 1024K, 4 young (4096K), 3 survivors (3072K)
 Metaspace       used 126596K, committed 129152K, reserved 557056K
  class space    used 17351K, committed 18560K, reserved 425984K

Heap Regions: E=young(eden), S=young(survivor), O=old, HS=humongous(starts), HC=humongous(continues), CS=collection set, F=free, OA=open archive, CA=closed archive, TAMS=top-at-mark-start (previous, next)
|   0|0x0000000080000000, 0x0000000080100000, 0x0000000080100000|100%|HS|  |TAMS 0x0000000080100000, 0x0000000080000000| Complete 
|   1|0x0000000080100000, 0x0000000080200000, 0x0000000080200000|100%|HC|  |TAMS 0x0000000080200000, 0x0000000080100000| Complete 
|   2|0x0000000080200000, 0x0000000080300000, 0x0000000080300000|100%|HC|  |TAMS 0x0000000080300000, 0x0000000080200000| Complete 
|   3|0x0000000080300000, 0x0000000080400000, 0x0000000080400000|100%| O|  |TAMS 0x0000000080400000, 0x0000000080300000| Untracked 
|   4|0x0000000080400000, 0x0000000080500000, 0x0000000080500000|100%| O|  |TAMS 0x0000000080500000, 0x0000000080400000| Untracked 
|   5|0x0000000080500000, 0x0000000080600000, 0x0000000080600000|100%| O|  |TAMS 0x0000000080600000, 0x0000000080500000| Untracked 
|   6|0x0000000080600000, 0x0000000080700000, 0x0000000080700000|100%| O|  |TAMS 0x0000000080700000, 0x0000000080600000| Untracked 
|   7|0x0000000080700000, 0x0000000080800000, 0x0000000080800000|100%|HS|  |TAMS 0x0000000080800000, 0x0000000080700000| Complete 
|   8|0x0000000080800000, 0x0000000080900000, 0x0000000080900000|100%| O|  |TAMS 0x0000000080900000, 0x0000000080800000| Untracked 
|   9|0x0000000080900000, 0x0000000080a00000, 0x0000000080a00000|100%| O|  |TAMS 0x0000000080a00000, 0x0000000080900000| Untracked 
|  10|0x0000000080a00000, 0x0000000080b00000, 0x0000000080b00000|100%| O|  |TAMS 0x0000000080b00000, 0x0000000080a00000| Untracked 
|  11|0x0000000080b00000, 0x0000000080c00000, 0x0000000080c00000|100%| O|  |TAMS 0x0000000080c00000, 0x0000000080b00000| Untracked 
|  12|0x0000000080c00000, 0x0000000080d00000, 0x0000000080d00000|100%| O|  |TAMS 0x0000000080d00000, 0x0000000080c00000| Untracked 
|  13|0x0000000080d00000, 0x0000000080e00000, 0x0000000080e00000|100%| O|  |TAMS 0x0000000080e00000, 0x0000000080d00000| Untracked 
|  14|0x0000000080e00000, 0x0000000080f00000, 0x0000000080f00000|100%| O|  |TAMS 0x0000000080f00000, 0x0000000080e00000| Untracked 
|  15|0x0000000080f00000, 0x0000000081000000, 0x0000000081000000|100%| O|  |TAMS 0x0000000081000000, 0x0000000080f00000| Untracked 
|  16|0x0000000081000000, 0x0000000081100000, 0x0000000081100000|100%| O|  |TAMS 0x0000000081100000, 0x0000000081000000| Untracked 
|  17|0x0000000081100000, 0x0000000081200000, 0x0000000081200000|100%| O|  |TAMS 0x0000000081200000, 0x0000000081100000| Untracked 
|  18|0x0000000081200000, 0x0000000081300000, 0x0000000081300000|100%| O|  |TAMS 0x0000000081300000, 0x0000000081200000| Untracked 
|  19|0x0000000081300000, 0x0000000081400000, 0x0000000081400000|100%| O|  |TAMS 0x0000000081400000, 0x0000000081300000| Untracked 
|  20|0x0000000081400000, 0x0000000081500000, 0x0000000081500000|100%| O|  |TAMS 0x0000000081500000, 0x0000000081400000| Updating 
|  21|0x0000000081500000, 0x0000000081600000, 0x0000000081600000|100%| O|  |TAMS 0x0000000081600000, 0x0000000081500000| Untracked 
|  22|0x0000000081600000, 0x0000000081700000, 0x0000000081700000|100%| O|  |TAMS 0x0000000081700000, 0x0000000081600000| Untracked 
|  23|0x0000000081700000, 0x0000000081800000, 0x0000000081800000|100%| O|  |TAMS 0x0000000081800000, 0x0000000081700000| Untracked 
|  24|0x0000000081800000, 0x0000000081900000, 0x0000000081900000|100%| O|  |TAMS 0x0000000081900000, 0x0000000081800000| Updating 
|  25|0x0000000081900000, 0x0000000081a00000, 0x0000000081a00000|100%| O|  |TAMS 0x0000000081a00000, 0x0000000081900000| Untracked 
|  26|0x0000000081a00000, 0x0000000081b00000, 0x0000000081b00000|100%| O|  |TAMS 0x0000000081b00000, 0x0000000081a00000| Updating 
|  27|0x0000000081b00000, 0x0000000081c00000, 0x0000000081c00000|100%| O|  |TAMS 0x0000000081c00000, 0x0000000081b00000| Untracked 
|  28|0x0000000081c00000, 0x0000000081d00000, 0x0000000081d00000|100%| O|  |TAMS 0x0000000081d00000, 0x0000000081c00000| Untracked 
|  29|0x0000000081d00000, 0x0000000081e00000, 0x0000000081e00000|100%| O|  |TAMS 0x0000000081e00000, 0x0000000081d00000| Updating 
|  30|0x0000000081e00000, 0x0000000081f00000, 0x0000000081f00000|100%| O|  |TAMS 0x0000000081f00000, 0x0000000081e00000| Updating 
|  31|0x0000000081f00000, 0x0000000082000000, 0x0000000082000000|100%| O|  |TAMS 0x0000000082000000, 0x0000000081f00000| Updating 
|  32|0x0000000082000000, 0x0000000082100000, 0x0000000082100000|100%| O|  |TAMS 0x0000000082100000, 0x0000000082000000| Updating 
|  33|0x0000000082100000, 0x0000000082200000, 0x0000000082200000|100%| O|  |TAMS 0x0000000082200000, 0x0000000082100000| Untracked 
|  34|0x0000000082200000, 0x0000000082300000, 0x0000000082300000|100%| O|  |TAMS 0x0000000082300000, 0x0000000082200000| Updating 
|  35|0x0000000082300000, 0x0000000082400000, 0x0000000082400000|100%| O|  |TAMS 0x0000000082400000, 0x0000000082300000| Updating 
|  36|0x0000000082400000, 0x0000000082500000, 0x0000000082500000|100%| O|  |TAMS 0x0000000082500000, 0x0000000082400000| Updating 
|  37|0x0000000082500000, 0x0000000082600000, 0x0000000082600000|100%| O|  |TAMS 0x0000000082600000, 0x0000000082500000| Updating 
|  38|0x0000000082600000, 0x0000000082700000, 0x0000000082700000|100%| O|  |TAMS 0x0000000082700000, 0x0000000082600000| Updating 
|  39|0x0000000082700000, 0x0000000082800000, 0x0000000082800000|100%| O|  |TAMS 0x0000000082800000, 0x0000000082700000| Untracked 
|  40|0x0000000082800000, 0x0000000082900000, 0x0000000082900000|100%| O|  |TAMS 0x0000000082900000, 0x0000000082800000| Updating 
|  41|0x0000000082900000, 0x0000000082a00000, 0x0000000082a00000|100%|HS|  |TAMS 0x0000000082a00000, 0x0000000082900000| Complete 
|  42|0x0000000082a00000, 0x0000000082b00000, 0x0000000082b00000|100%|HC|  |TAMS 0x0000000082b00000, 0x0000000082a00000| Complete 
|  43|0x0000000082b00000, 0x0000000082c00000, 0x0000000082c00000|100%|HC|  |TAMS 0x0000000082c00000, 0x0000000082b00000| Complete 
|  44|0x0000000082c00000, 0x0000000082d00000, 0x0000000082d00000|100%|HS|  |TAMS 0x0000000082d00000, 0x0000000082c00000| Complete 
|  45|0x0000000082d00000, 0x0000000082e00000, 0x0000000082e00000|100%|HC|  |TAMS 0x0000000082e00000, 0x0000000082d00000| Complete 
|  46|0x0000000082e00000, 0x0000000082f00000, 0x0000000082f00000|100%|HC|  |TAMS 0x0000000082f00000, 0x0000000082e00000| Complete 
|  47|0x0000000082f00000, 0x0000000083000000, 0x0000000083000000|100%| O|  |TAMS 0x0000000083000000, 0x0000000082f00000| Updating 
|  48|0x0000000083000000, 0x0000000083100000, 0x0000000083100000|100%| O|  |TAMS 0x0000000083100000, 0x0000000083000000| Updating 
|  49|0x0000000083100000, 0x0000000083200000, 0x0000000083200000|100%| O|  |TAMS 0x0000000083200000, 0x0000000083100000| Untracked 
|  50|0x0000000083200000, 0x0000000083300000, 0x0000000083300000|100%| O|  |TAMS 0x0000000083300000, 0x0000000083200000| Updating 
|  51|0x0000000083300000, 0x0000000083400000, 0x0000000083400000|100%| O|  |TAMS 0x0000000083400000, 0x0000000083300000| Updating 
|  52|0x0000000083400000, 0x0000000083500000, 0x0000000083500000|100%| O|  |TAMS 0x0000000083500000, 0x0000000083400000| Updating 
|  53|0x0000000083500000, 0x0000000083600000, 0x0000000083600000|100%| O|  |TAMS 0x0000000083600000, 0x0000000083500000| Untracked 
|  54|0x0000000083600000, 0x0000000083700000, 0x0000000083700000|100%| O|  |TAMS 0x0000000083700000, 0x0000000083600000| Updating 
|  55|0x0000000083700000, 0x0000000083800000, 0x0000000083800000|100%| O|  |TAMS 0x0000000083800000, 0x0000000083700000| Updating 
|  56|0x0000000083800000, 0x0000000083900000, 0x0000000083900000|100%| O|  |TAMS 0x0000000083900000, 0x0000000083800000| Updating 
|  57|0x0000000083900000, 0x0000000083a00000, 0x0000000083a00000|100%| O|  |TAMS 0x0000000083a00000, 0x0000000083900000| Updating 
|  58|0x0000000083a00000, 0x0000000083b00000, 0x0000000083b00000|100%| O|  |TAMS 0x0000000083b00000, 0x0000000083a00000| Updating 
|  59|0x0000000083b00000, 0x0000000083c00000, 0x0000000083c00000|100%| O|  |TAMS 0x0000000083c00000, 0x0000000083b00000| Updating 
|  60|0x0000000083c00000, 0x0000000083d00000, 0x0000000083d00000|100%| O|  |TAMS 0x0000000083d00000, 0x0000000083c00000| Updating 
|  61|0x0000000083d00000, 0x0000000083e00000, 0x0000000083e00000|100%| O|  |TAMS 0x0000000083e00000, 0x0000000083d00000| Updating 
|  62|0x0000000083e00000, 0x0000000083f00000, 0x0000000083f00000|100%| O|  |TAMS 0x0000000083f00000, 0x0000000083e00000| Updating 
|  63|0x0000000083f00000, 0x0000000084000000, 0x0000000084000000|100%| O|  |TAMS 0x0000000084000000, 0x0000000083f00000| Updating 
|  64|0x0000000084000000, 0x0000000084100000, 0x0000000084100000|100%| O|  |TAMS 0x0000000084100000, 0x0000000084000000| Untracked 
|  65|0x0000000084100000, 0x0000000084200000, 0x0000000084200000|100%| O|  |TAMS 0x0000000084200000, 0x0000000084100000| Updating 
|  66|0x0000000084200000, 0x0000000084300000, 0x0000000084300000|100%| O|  |TAMS 0x0000000084300000, 0x0000000084200000| Updating 
|  67|0x0000000084300000, 0x0000000084400000, 0x0000000084400000|100%| O|  |TAMS 0x0000000084400000, 0x0000000084300000| Updating 
|  68|0x0000000084400000, 0x0000000084500000, 0x0000000084500000|100%| O|  |TAMS 0x0000000084500000, 0x0000000084400000| Updating 
|  69|0x0000000084500000, 0x0000000084600000, 0x0000000084600000|100%| O|  |TAMS 0x0000000084600000, 0x0000000084500000| Updating 
|  70|0x0000000084600000, 0x0000000084700000, 0x0000000084700000|100%| O|  |TAMS 0x0000000084700000, 0x0000000084600000| Updating 
|  71|0x0000000084700000, 0x0000000084800000, 0x0000000084800000|100%| O|  |TAMS 0x0000000084800000, 0x0000000084700000| Updating 
|  72|0x0000000084800000, 0x0000000084900000, 0x0000000084900000|100%|HS|  |TAMS 0x0000000084900000, 0x0000000084800000| Complete 
|  73|0x0000000084900000, 0x0000000084a00000, 0x0000000084a00000|100%|HS|  |TAMS 0x0000000084a00000, 0x0000000084900000| Complete 
|  74|0x0000000084a00000, 0x0000000084b00000, 0x0000000084b00000|100%|HS|  |TAMS 0x0000000084b00000, 0x0000000084a00000| Complete 
|  75|0x0000000084b00000, 0x0000000084c00000, 0x0000000084c00000|100%|HS|  |TAMS 0x0000000084c00000, 0x0000000084b00000| Complete 
|  76|0x0000000084c00000, 0x0000000084d00000, 0x0000000084d00000|100%|HS|  |TAMS 0x0000000084d00000, 0x0000000084c00000| Complete 
|  77|0x0000000084d00000, 0x0000000084e00000, 0x0000000084e00000|100%| O|  |TAMS 0x0000000084e00000, 0x0000000084d00000| Updating 
|  78|0x0000000084e00000, 0x0000000084f00000, 0x0000000084f00000|100%| O|  |TAMS 0x0000000084f00000, 0x0000000084e00000| Updating 
|  79|0x0000000084f00000, 0x0000000085000000, 0x0000000085000000|100%|HS|  |TAMS 0x0000000085000000, 0x0000000084f00000| Complete 
|  80|0x0000000085000000, 0x0000000085100000, 0x0000000085100000|100%| O|  |TAMS 0x0000000085100000, 0x0000000085000000| Untracked 
|  81|0x0000000085100000, 0x0000000085200000, 0x0000000085200000|100%| O|  |TAMS 0x0000000085200000, 0x0000000085100000| Updating 
|  82|0x0000000085200000, 0x0000000085300000, 0x0000000085300000|100%| O|  |TAMS 0x0000000085300000, 0x0000000085200000| Untracked 
|  83|0x0000000085300000, 0x0000000085400000, 0x0000000085400000|100%| O|  |TAMS 0x0000000085400000, 0x0000000085300000| Untracked 
|  84|0x0000000085400000, 0x0000000085500000, 0x0000000085500000|100%| O|  |TAMS 0x0000000085500000, 0x0000000085400000| Untracked 
|  85|0x0000000085500000, 0x0000000085600000, 0x0000000085600000|100%| O|  |TAMS 0x0000000085600000, 0x0000000085500000| Updating 
|  86|0x0000000085600000, 0x0000000085700000, 0x0000000085700000|100%|HS|  |TAMS 0x0000000085700000, 0x0000000085600000| Complete 
|  87|0x0000000085700000, 0x0000000085800000, 0x0000000085800000|100%|HC|  |TAMS 0x0000000085800000, 0x0000000085700000| Complete 
|  88|0x0000000085800000, 0x0000000085900000, 0x0000000085900000|100%| O|  |TAMS 0x0000000085900000, 0x0000000085800000| Updating 
|  89|0x0000000085900000, 0x0000000085a00000, 0x0000000085a00000|100%|HS|  |TAMS 0x0000000085a00000, 0x0000000085900000| Complete 
|  90|0x0000000085a00000, 0x0000000085b00000, 0x0000000085b00000|100%|HC|  |TAMS 0x0000000085b00000, 0x0000000085a00000| Complete 
|  91|0x0000000085b00000, 0x0000000085c00000, 0x0000000085c00000|100%|HC|  |TAMS 0x0000000085c00000, 0x0000000085b00000| Complete 
|  92|0x0000000085c00000, 0x0000000085d00000, 0x0000000085d00000|100%| O|  |TAMS 0x0000000085d00000, 0x0000000085c00000| Updating 
|  93|0x0000000085d00000, 0x0000000085e00000, 0x0000000085e00000|100%|HS|  |TAMS 0x0000000085e00000, 0x0000000085d00000| Complete 
|  94|0x0000000085e00000, 0x0000000085f00000, 0x0000000085f00000|100%| O|  |TAMS 0x0000000085f00000, 0x0000000085e00000| Updating 
|  95|0x0000000085f00000, 0x0000000086000000, 0x0000000086000000|100%| O|  |TAMS 0x0000000086000000, 0x0000000085f00000| Updating 
|  96|0x0000000086000000, 0x0000000086100000, 0x0000000086100000|100%| O|  |TAMS 0x0000000086100000, 0x0000000086000000| Untracked 
|  97|0x0000000086100000, 0x0000000086200000, 0x0000000086200000|100%| O|  |TAMS 0x0000000086200000, 0x0000000086100000| Untracked 
|  98|0x0000000086200000, 0x0000000086300000, 0x0000000086300000|100%| O|  |TAMS 0x0000000086300000, 0x0000000086200000| Untracked 
|  99|0x0000000086300000, 0x0000000086400000, 0x0000000086400000|100%| O|  |TAMS 0x0000000086400000, 0x0000000086300000| Untracked 
| 100|0x0000000086400000, 0x0000000086500000, 0x0000000086500000|100%| O|  |TAMS 0x0000000086500000, 0x0000000086400000| Updating 
| 101|0x0000000086500000, 0x0000000086600000, 0x0000000086600000|100%| O|  |TAMS 0x0000000086600000, 0x0000000086500000| Untracked 
| 102|0x0000000086600000, 0x0000000086700000, 0x0000000086700000|100%| O|  |TAMS 0x0000000086700000, 0x0000000086600000| Updating 
| 103|0x0000000086700000, 0x0000000086800000, 0x0000000086800000|100%| O|  |TAMS 0x0000000086800000, 0x0000000086700000| Updating 
| 104|0x0000000086800000, 0x0000000086900000, 0x0000000086900000|100%| O|  |TAMS 0x0000000086900000, 0x0000000086800000| Updating 
| 105|0x0000000086900000, 0x0000000086a00000, 0x0000000086a00000|100%| O|  |TAMS 0x0000000086a00000, 0x0000000086900000| Untracked 
| 106|0x0000000086a00000, 0x0000000086b00000, 0x0000000086b00000|100%| O|  |TAMS 0x0000000086b00000, 0x0000000086a00000| Updating 
| 107|0x0000000086b00000, 0x0000000086c00000, 0x0000000086c00000|100%| O|  |TAMS 0x0000000086c00000, 0x0000000086b00000| Untracked 
| 108|0x0000000086c00000, 0x0000000086d00000, 0x0000000086d00000|100%| O|  |TAMS 0x0000000086d00000, 0x0000000086c00000| Updating 
| 109|0x0000000086d00000, 0x0000000086e00000, 0x0000000086e00000|100%| O|  |TAMS 0x0000000086e00000, 0x0000000086d00000| Updating 
| 110|0x0000000086e00000, 0x0000000086f00000, 0x0000000086f00000|100%| O|  |TAMS 0x0000000086f00000, 0x0000000086e00000| Updating 
| 111|0x0000000086f00000, 0x0000000087000000, 0x0000000087000000|100%| O|  |TAMS 0x0000000087000000, 0x0000000086f00000| Updating 
| 112|0x0000000087000000, 0x0000000087100000, 0x0000000087100000|100%| O|  |TAMS 0x0000000087100000, 0x0000000087000000| Updating 
| 113|0x0000000087100000, 0x0000000087200000, 0x0000000087200000|100%| O|  |TAMS 0x0000000087200000, 0x0000000087100000| Updating 
| 114|0x0000000087200000, 0x0000000087300000, 0x0000000087300000|100%| O|  |TAMS 0x0000000087300000, 0x0000000087200000| Updating 
| 115|0x0000000087300000, 0x0000000087400000, 0x0000000087400000|100%| O|  |TAMS 0x0000000087400000, 0x0000000087300000| Updating 
| 116|0x0000000087400000, 0x0000000087500000, 0x0000000087500000|100%| O|  |TAMS 0x0000000087500000, 0x0000000087400000| Updating 
| 117|0x0000000087500000, 0x0000000087600000, 0x0000000087600000|100%| O|  |TAMS 0x0000000087600000, 0x0000000087500000| Updating 
| 118|0x0000000087600000, 0x0000000087700000, 0x0000000087700000|100%| O|  |TAMS 0x0000000087700000, 0x0000000087600000| Untracked 
| 119|0x0000000087700000, 0x0000000087800000, 0x0000000087800000|100%| O|  |TAMS 0x0000000087800000, 0x0000000087700000| Updating 
| 120|0x0000000087800000, 0x0000000087900000, 0x0000000087900000|100%| O|  |TAMS 0x0000000087900000, 0x0000000087800000| Updating 
| 121|0x0000000087900000, 0x0000000087a00000, 0x0000000087a00000|100%| O|  |TAMS 0x0000000087a00000, 0x0000000087900000| Updating 
| 122|0x0000000087a00000, 0x0000000087b00000, 0x0000000087b00000|100%| O|  |TAMS 0x0000000087b00000, 0x0000000087a00000| Updating 
| 123|0x0000000087b00000, 0x0000000087c00000, 0x0000000087c00000|100%| O|  |TAMS 0x0000000087c00000, 0x0000000087b00000| Updating 
| 124|0x0000000087c00000, 0x0000000087d00000, 0x0000000087d00000|100%| O|  |TAMS 0x0000000087d00000, 0x0000000087c00000| Updating 
| 125|0x0000000087d00000, 0x0000000087e00000, 0x0000000087e00000|100%| O|  |TAMS 0x0000000087e00000, 0x0000000087d00000| Updating 
| 126|0x0000000087e00000, 0x0000000087f00000, 0x0000000087f00000|100%| O|  |TAMS 0x0000000087f00000, 0x0000000087e00000| Updating 
| 127|0x0000000087f00000, 0x0000000088000000, 0x0000000088000000|100%| O|  |TAMS 0x0000000088000000, 0x0000000087f00000| Updating 
| 128|0x0000000088000000, 0x0000000088100000, 0x0000000088100000|100%| O|  |TAMS 0x0000000088100000, 0x0000000088000000| Updating 
| 129|0x0000000088100000, 0x0000000088200000, 0x0000000088200000|100%| O|  |TAMS 0x0000000088200000, 0x0000000088100000| Updating 
| 130|0x0000000088200000, 0x0000000088300000, 0x0000000088300000|100%| O|  |TAMS 0x0000000088300000, 0x0000000088200000| Updating 
| 131|0x0000000088300000, 0x0000000088400000, 0x0000000088400000|100%| O|  |TAMS 0x0000000088400000, 0x0000000088300000| Updating 
| 132|0x0000000088400000, 0x0000000088500000, 0x0000000088500000|100%| O|  |TAMS 0x0000000088500000, 0x0000000088400000| Updating 
| 133|0x0000000088500000, 0x0000000088600000, 0x0000000088600000|100%| O|  |TAMS 0x0000000088600000, 0x0000000088500000| Updating 
| 134|0x0000000088600000, 0x0000000088700000, 0x0000000088700000|100%| O|  |TAMS 0x0000000088700000, 0x0000000088600000| Updating 
| 135|0x0000000088700000, 0x0000000088800000, 0x0000000088800000|100%| O|  |TAMS 0x0000000088800000, 0x0000000088700000| Updating 
| 136|0x0000000088800000, 0x0000000088900000, 0x0000000088900000|100%| O|  |TAMS 0x0000000088900000, 0x0000000088800000| Updating 
| 137|0x0000000088900000, 0x0000000088a00000, 0x0000000088a00000|100%| O|  |TAMS 0x0000000088a00000, 0x0000000088900000| Updating 
| 138|0x0000000088a00000, 0x0000000088b00000, 0x0000000088b00000|100%| O|  |TAMS 0x0000000088b00000, 0x0000000088a00000| Untracked 
| 139|0x0000000088b00000, 0x0000000088c00000, 0x0000000088c00000|100%| O|  |TAMS 0x0000000088c00000, 0x0000000088b00000| Untracked 
| 140|0x0000000088c00000, 0x0000000088d00000, 0x0000000088d00000|100%| O|  |TAMS 0x0000000088d00000, 0x0000000088c00000| Untracked 
| 141|0x0000000088d00000, 0x0000000088e00000, 0x0000000088e00000|100%| O|  |TAMS 0x0000000088e00000, 0x0000000088d00000| Updating 
| 142|0x0000000088e00000, 0x0000000088f00000, 0x0000000088f00000|100%| O|  |TAMS 0x0000000088f00000, 0x0000000088e00000| Updating 
| 143|0x0000000088f00000, 0x0000000089000000, 0x0000000089000000|100%| O|  |TAMS 0x0000000089000000, 0x0000000088f00000| Updating 
| 144|0x0000000089000000, 0x0000000089100000, 0x0000000089100000|100%| O|  |TAMS 0x0000000089100000, 0x0000000089000000| Updating 
| 145|0x0000000089100000, 0x0000000089200000, 0x0000000089200000|100%| O|  |TAMS 0x0000000089200000, 0x0000000089100000| Updating 
| 146|0x0000000089200000, 0x0000000089300000, 0x0000000089300000|100%| O|  |TAMS 0x0000000089300000, 0x0000000089200000| Updating 
| 147|0x0000000089300000, 0x0000000089400000, 0x0000000089400000|100%|HS|  |TAMS 0x0000000089400000, 0x0000000089300000| Complete 
| 148|0x0000000089400000, 0x0000000089500000, 0x0000000089500000|100%|HS|  |TAMS 0x0000000089500000, 0x0000000089400000| Complete 
| 149|0x0000000089500000, 0x0000000089600000, 0x0000000089600000|100%|HS|  |TAMS 0x0000000089600000, 0x0000000089500000| Complete 
| 150|0x0000000089600000, 0x0000000089700000, 0x0000000089700000|100%|HS|  |TAMS 0x0000000089700000, 0x0000000089600000| Complete 
| 151|0x0000000089700000, 0x0000000089800000, 0x0000000089800000|100%|HS|  |TAMS 0x0000000089800000, 0x0000000089700000| Complete 
| 152|0x0000000089800000, 0x0000000089900000, 0x0000000089900000|100%|HS|  |TAMS 0x0000000089900000, 0x0000000089800000| Complete 
| 153|0x0000000089900000, 0x0000000089a00000, 0x0000000089a00000|100%|HS|  |TAMS 0x0000000089a00000, 0x0000000089900000| Complete 
| 154|0x0000000089a00000, 0x0000000089b00000, 0x0000000089b00000|100%|HC|  |TAMS 0x0000000089b00000, 0x0000000089a00000| Complete 
| 155|0x0000000089b00000, 0x0000000089c00000, 0x0000000089c00000|100%| O|  |TAMS 0x0000000089c00000, 0x0000000089b00000| Untracked 
| 156|0x0000000089c00000, 0x0000000089d00000, 0x0000000089d00000|100%| O|  |TAMS 0x0000000089d00000, 0x0000000089c00000| Updating 
| 157|0x0000000089d00000, 0x0000000089e00000, 0x0000000089e00000|100%| O|  |TAMS 0x0000000089e00000, 0x0000000089d00000| Updating 
| 158|0x0000000089e00000, 0x0000000089f00000, 0x0000000089f00000|100%| O|  |TAMS 0x0000000089f00000, 0x0000000089e00000| Untracked 
| 159|0x0000000089f00000, 0x000000008a000000, 0x000000008a000000|100%| O|  |TAMS 0x000000008a000000, 0x0000000089f00000| Updating 
| 160|0x000000008a000000, 0x000000008a100000, 0x000000008a100000|100%| O|  |TAMS 0x000000008a100000, 0x000000008a000000| Updating 
| 161|0x000000008a100000, 0x000000008a200000, 0x000000008a200000|100%| O|  |TAMS 0x000000008a200000, 0x000000008a100000| Updating 
| 162|0x000000008a200000, 0x000000008a300000, 0x000000008a300000|100%| O|  |TAMS 0x000000008a300000, 0x000000008a200000| Updating 
| 163|0x000000008a300000, 0x000000008a400000, 0x000000008a400000|100%| O|  |TAMS 0x000000008a400000, 0x000000008a300000| Updating 
| 164|0x000000008a400000, 0x000000008a500000, 0x000000008a500000|100%| O|  |TAMS 0x000000008a500000, 0x000000008a400000| Updating 
| 165|0x000000008a500000, 0x000000008a600000, 0x000000008a600000|100%| O|  |TAMS 0x000000008a600000, 0x000000008a500000| Updating 
| 166|0x000000008a600000, 0x000000008a700000, 0x000000008a700000|100%| O|  |TAMS 0x000000008a700000, 0x000000008a600000| Updating 
| 167|0x000000008a700000, 0x000000008a800000, 0x000000008a800000|100%| O|  |TAMS 0x000000008a800000, 0x000000008a700000| Updating 
| 168|0x000000008a800000, 0x000000008a900000, 0x000000008a900000|100%| O|  |TAMS 0x000000008a900000, 0x000000008a800000| Updating 
| 169|0x000000008a900000, 0x000000008aa00000, 0x000000008aa00000|100%| O|  |TAMS 0x000000008aa00000, 0x000000008a900000| Updating 
| 170|0x000000008aa00000, 0x000000008ab00000, 0x000000008ab00000|100%| O|  |TAMS 0x000000008ab00000, 0x000000008aa00000| Updating 
| 171|0x000000008ab00000, 0x000000008ac00000, 0x000000008ac00000|100%| O|  |TAMS 0x000000008ac00000, 0x000000008ab00000| Untracked 
| 172|0x000000008ac00000, 0x000000008ad00000, 0x000000008ad00000|100%|HS|  |TAMS 0x000000008ad00000, 0x000000008ac00000| Complete 
| 173|0x000000008ad00000, 0x000000008ae00000, 0x000000008ae00000|100%|HS|  |TAMS 0x000000008ae00000, 0x000000008ad00000| Complete 
| 174|0x000000008ae00000, 0x000000008af00000, 0x000000008af00000|100%|HS|  |TAMS 0x000000008af00000, 0x000000008ae00000| Complete 
| 175|0x000000008af00000, 0x000000008b000000, 0x000000008b000000|100%| O|  |TAMS 0x000000008b000000, 0x000000008af00000| Updating 
| 176|0x000000008b000000, 0x000000008b100000, 0x000000008b100000|100%| O|  |TAMS 0x000000008b100000, 0x000000008b000000| Updating 
| 177|0x000000008b100000, 0x000000008b200000, 0x000000008b200000|100%| O|  |TAMS 0x000000008b200000, 0x000000008b100000| Untracked 
| 178|0x000000008b200000, 0x000000008b300000, 0x000000008b300000|100%| O|  |TAMS 0x000000008b300000, 0x000000008b200000| Untracked 
| 179|0x000000008b300000, 0x000000008b400000, 0x000000008b400000|100%| O|  |TAMS 0x000000008b400000, 0x000000008b300000| Untracked 
| 180|0x000000008b400000, 0x000000008b500000, 0x000000008b500000|100%| O|  |TAMS 0x000000008b500000, 0x000000008b400000| Updating 
| 181|0x000000008b500000, 0x000000008b600000, 0x000000008b600000|100%| O|  |TAMS 0x000000008b600000, 0x000000008b500000| Untracked 
| 182|0x000000008b600000, 0x000000008b700000, 0x000000008b700000|100%| O|  |TAMS 0x000000008b700000, 0x000000008b600000| Updating 
| 183|0x000000008b700000, 0x000000008b800000, 0x000000008b800000|100%| O|  |TAMS 0x000000008b800000, 0x000000008b700000| Updating 
| 184|0x000000008b800000, 0x000000008b900000, 0x000000008b900000|100%| O|  |TAMS 0x000000008b900000, 0x000000008b800000| Updating 
| 185|0x000000008b900000, 0x000000008ba00000, 0x000000008ba00000|100%| O|  |TAMS 0x000000008ba00000, 0x000000008b900000| Updating 
| 186|0x000000008ba00000, 0x000000008bb00000, 0x000000008bb00000|100%| O|  |TAMS 0x000000008bb00000, 0x000000008ba00000| Updating 
| 187|0x000000008bb00000, 0x000000008bc00000, 0x000000008bc00000|100%| O|  |TAMS 0x000000008bc00000, 0x000000008bb00000| Updating 
| 188|0x000000008bc00000, 0x000000008bd00000, 0x000000008bd00000|100%| O|  |TAMS 0x000000008bd00000, 0x000000008bc00000| Updating 
| 189|0x000000008bd00000, 0x000000008be00000, 0x000000008be00000|100%|HS|  |TAMS 0x000000008be00000, 0x000000008bd00000| Complete 
| 190|0x000000008be00000, 0x000000008bf00000, 0x000000008bf00000|100%| O|  |TAMS 0x000000008bf00000, 0x000000008be00000| Untracked 
| 191|0x000000008bf00000, 0x000000008c000000, 0x000000008c000000|100%| O|  |TAMS 0x000000008c000000, 0x000000008bf00000| Untracked 
| 192|0x000000008c000000, 0x000000008c100000, 0x000000008c100000|100%| O|  |TAMS 0x000000008c100000, 0x000000008c000000| Untracked 
| 193|0x000000008c100000, 0x000000008c200000, 0x000000008c200000|100%| O|  |TAMS 0x000000008c200000, 0x000000008c100000| Untracked 
| 194|0x000000008c200000, 0x000000008c300000, 0x000000008c300000|100%| O|  |TAMS 0x000000008c300000, 0x000000008c200000| Untracked 
| 195|0x000000008c300000, 0x000000008c400000, 0x000000008c400000|100%| O|  |TAMS 0x000000008c400000, 0x000000008c300000| Updating 
| 196|0x000000008c400000, 0x000000008c500000, 0x000000008c500000|100%| O|  |TAMS 0x000000008c500000, 0x000000008c400000| Updating 
| 197|0x000000008c500000, 0x000000008c600000, 0x000000008c600000|100%| O|  |TAMS 0x000000008c600000, 0x000000008c500000| Updating 
| 198|0x000000008c600000, 0x000000008c700000, 0x000000008c700000|100%| O|  |TAMS 0x000000008c700000, 0x000000008c600000| Updating 
| 199|0x000000008c700000, 0x000000008c700000, 0x000000008c800000|  0%| F|  |TAMS 0x000000008c700000, 0x000000008c700000| Untracked 
| 200|0x000000008c800000, 0x000000008c900000, 0x000000008c900000|100%| O|  |TAMS 0x000000008c900000, 0x000000008c800000| Updating 
| 201|0x000000008c900000, 0x000000008ca00000, 0x000000008ca00000|100%| O|  |TAMS 0x000000008ca00000, 0x000000008c900000| Updating 
| 202|0x000000008ca00000, 0x000000008cb00000, 0x000000008cb00000|100%| O|  |TAMS 0x000000008cb00000, 0x000000008ca00000| Updating 
| 203|0x000000008cb00000, 0x000000008cc00000, 0x000000008cc00000|100%| O|  |TAMS 0x000000008cc00000, 0x000000008cb00000| Updating 
| 204|0x000000008cc00000, 0x000000008cd00000, 0x000000008cd00000|100%| O|  |TAMS 0x000000008cd00000, 0x000000008cc00000| Untracked 
| 205|0x000000008cd00000, 0x000000008ce00000, 0x000000008ce00000|100%| O|  |TAMS 0x000000008ce00000, 0x000000008cd00000| Untracked 
| 206|0x000000008ce00000, 0x000000008cf00000, 0x000000008cf00000|100%| O|  |TAMS 0x000000008cf00000, 0x000000008ce00000| Untracked 
| 207|0x000000008cf00000, 0x000000008d000000, 0x000000008d000000|100%| O|  |TAMS 0x000000008d000000, 0x000000008cf00000| Updating 
| 208|0x000000008d000000, 0x000000008d100000, 0x000000008d100000|100%| O|  |TAMS 0x000000008d100000, 0x000000008d000000| Updating 
| 209|0x000000008d100000, 0x000000008d200000, 0x000000008d200000|100%| O|  |TAMS 0x000000008d200000, 0x000000008d100000| Untracked 
| 210|0x000000008d200000, 0x000000008d300000, 0x000000008d300000|100%| O|  |TAMS 0x000000008d300000, 0x000000008d200000| Updating 
| 211|0x000000008d300000, 0x000000008d300000, 0x000000008d400000|  0%| F|  |TAMS 0x000000008d300000, 0x000000008d300000| Untracked 
| 212|0x000000008d400000, 0x000000008d500000, 0x000000008d500000|100%| O|  |TAMS 0x000000008d500000, 0x000000008d400000| Updating 
| 213|0x000000008d500000, 0x000000008d600000, 0x000000008d600000|100%| O|  |TAMS 0x000000008d600000, 0x000000008d500000| Updating 
| 214|0x000000008d600000, 0x000000008d700000, 0x000000008d700000|100%| O|  |TAMS 0x000000008d700000, 0x000000008d600000| Updating 
| 215|0x000000008d700000, 0x000000008d800000, 0x000000008d800000|100%| O|  |TAMS 0x000000008d800000, 0x000000008d700000| Updating 
| 216|0x000000008d800000, 0x000000008d900000, 0x000000008d900000|100%| O|  |TAMS 0x000000008d900000, 0x000000008d800000| Updating 
| 217|0x000000008d900000, 0x000000008da00000, 0x000000008da00000|100%| O|  |TAMS 0x000000008da00000, 0x000000008d900000| Updating 
| 218|0x000000008da00000, 0x000000008db00000, 0x000000008db00000|100%| O|  |TAMS 0x000000008db00000, 0x000000008da00000| Updating 
| 219|0x000000008db00000, 0x000000008dc00000, 0x000000008dc00000|100%| O|  |TAMS 0x000000008dc00000, 0x000000008db00000| Updating 
| 220|0x000000008dc00000, 0x000000008dd00000, 0x000000008dd00000|100%| O|  |TAMS 0x000000008dd00000, 0x000000008dc00000| Updating 
| 221|0x000000008dd00000, 0x000000008de00000, 0x000000008de00000|100%| O|  |TAMS 0x000000008de00000, 0x000000008dd00000| Updating 
| 222|0x000000008de00000, 0x000000008df00000, 0x000000008df00000|100%| O|  |TAMS 0x000000008df00000, 0x000000008de00000| Updating 
| 223|0x000000008df00000, 0x000000008e000000, 0x000000008e000000|100%| O|  |TAMS 0x000000008e000000, 0x000000008df00000| Updating 
| 224|0x000000008e000000, 0x000000008e100000, 0x000000008e100000|100%| O|  |TAMS 0x000000008e100000, 0x000000008e000000| Updating 
| 225|0x000000008e100000, 0x000000008e100000, 0x000000008e200000|  0%| F|  |TAMS 0x000000008e100000, 0x000000008e100000| Untracked 
| 226|0x000000008e200000, 0x000000008e300000, 0x000000008e300000|100%| O|  |TAMS 0x000000008e300000, 0x000000008e200000| Updating 
| 227|0x000000008e300000, 0x000000008e400000, 0x000000008e400000|100%| O|  |TAMS 0x000000008e400000, 0x000000008e300000| Updating 
| 228|0x000000008e400000, 0x000000008e500000, 0x000000008e500000|100%| O|  |TAMS 0x000000008e500000, 0x000000008e400000| Updating 
| 229|0x000000008e500000, 0x000000008e600000, 0x000000008e600000|100%| O|  |TAMS 0x000000008e600000, 0x000000008e500000| Updating 
| 230|0x000000008e600000, 0x000000008e700000, 0x000000008e700000|100%| O|  |TAMS 0x000000008e700000, 0x000000008e600000| Updating 
| 231|0x000000008e700000, 0x000000008e800000, 0x000000008e800000|100%| O|  |TAMS 0x000000008e800000, 0x000000008e700000| Updating 
| 232|0x000000008e800000, 0x000000008e900000, 0x000000008e900000|100%| O|  |TAMS 0x000000008e900000, 0x000000008e800000| Updating 
| 233|0x000000008e900000, 0x000000008ea00000, 0x000000008ea00000|100%| O|  |TAMS 0x000000008ea00000, 0x000000008e900000| Updating 
| 234|0x000000008ea00000, 0x000000008eb00000, 0x000000008eb00000|100%| O|  |TAMS 0x000000008eb00000, 0x000000008ea00000| Updating 
| 235|0x000000008eb00000, 0x000000008ec00000, 0x000000008ec00000|100%| O|  |TAMS 0x000000008ec00000, 0x000000008eb00000| Updating 
| 236|0x000000008ec00000, 0x000000008ed00000, 0x000000008ed00000|100%| O|  |TAMS 0x000000008ed00000, 0x000000008ec00000| Updating 
| 237|0x000000008ed00000, 0x000000008ee00000, 0x000000008ee00000|100%| O|  |TAMS 0x000000008ee00000, 0x000000008ed00000| Updating 
| 238|0x000000008ee00000, 0x000000008ef00000, 0x000000008ef00000|100%| O|  |TAMS 0x000000008ef00000, 0x000000008ee00000| Updating 
| 239|0x000000008ef00000, 0x000000008f000000, 0x000000008f000000|100%| O|  |TAMS 0x000000008f000000, 0x000000008ef00000| Updating 
| 240|0x000000008f000000, 0x000000008f100000, 0x000000008f100000|100%| O|  |TAMS 0x000000008f100000, 0x000000008f000000| Updating 
| 241|0x000000008f100000, 0x000000008f200000, 0x000000008f200000|100%| O|  |TAMS 0x000000008f200000, 0x000000008f100000| Untracked 
| 242|0x000000008f200000, 0x000000008f300000, 0x000000008f300000|100%| O|  |TAMS 0x000000008f300000, 0x000000008f200000| Untracked 
| 243|0x000000008f300000, 0x000000008f400000, 0x000000008f400000|100%| O|  |TAMS 0x000000008f400000, 0x000000008f300000| Updating 
| 244|0x000000008f400000, 0x000000008f500000, 0x000000008f500000|100%| O|  |TAMS 0x000000008f500000, 0x000000008f400000| Updating 
| 245|0x000000008f500000, 0x000000008f600000, 0x000000008f600000|100%| O|  |TAMS 0x000000008f600000, 0x000000008f500000| Updating 
| 246|0x000000008f600000, 0x000000008f700000, 0x000000008f700000|100%| O|  |TAMS 0x000000008f700000, 0x000000008f600000| Updating 
| 247|0x000000008f700000, 0x000000008f800000, 0x000000008f800000|100%| O|  |TAMS 0x000000008f800000, 0x000000008f700000| Updating 
| 248|0x000000008f800000, 0x000000008f900000, 0x000000008f900000|100%| O|  |TAMS 0x000000008f900000, 0x000000008f800000| Updating 
| 249|0x000000008f900000, 0x000000008fa00000, 0x000000008fa00000|100%| O|  |TAMS 0x000000008fa00000, 0x000000008f900000| Updating 
| 250|0x000000008fa00000, 0x000000008fb00000, 0x000000008fb00000|100%| O|  |TAMS 0x000000008fb00000, 0x000000008fa00000| Updating 
| 251|0x000000008fb00000, 0x000000008fc00000, 0x000000008fc00000|100%| O|  |TAMS 0x000000008fc00000, 0x000000008fb00000| Untracked 
| 252|0x000000008fc00000, 0x000000008fd00000, 0x000000008fd00000|100%| O|  |TAMS 0x000000008fd00000, 0x000000008fc00000| Updating 
| 253|0x000000008fd00000, 0x000000008fe00000, 0x000000008fe00000|100%| O|  |TAMS 0x000000008fe00000, 0x000000008fd00000| Updating 
| 254|0x000000008fe00000, 0x000000008ff00000, 0x000000008ff00000|100%| O|  |TAMS 0x000000008ff00000, 0x000000008fe00000| Updating 
| 255|0x000000008ff00000, 0x0000000090000000, 0x0000000090000000|100%| O|  |TAMS 0x0000000090000000, 0x000000008ff00000| Updating 
| 256|0x0000000090000000, 0x0000000090100000, 0x0000000090100000|100%| O|  |TAMS 0x0000000090100000, 0x0000000090000000| Updating 
| 257|0x0000000090100000, 0x0000000090200000, 0x0000000090200000|100%| O|  |TAMS 0x0000000090200000, 0x0000000090100000| Updating 
| 258|0x0000000090200000, 0x0000000090300000, 0x0000000090300000|100%| O|  |TAMS 0x0000000090300000, 0x0000000090200000| Updating 
| 259|0x0000000090300000, 0x0000000090400000, 0x0000000090400000|100%| O|  |TAMS 0x0000000090400000, 0x0000000090300000| Untracked 
| 260|0x0000000090400000, 0x0000000090500000, 0x0000000090500000|100%| O|  |TAMS 0x0000000090500000, 0x0000000090400000| Updating 
| 261|0x0000000090500000, 0x0000000090600000, 0x0000000090600000|100%| O|  |TAMS 0x0000000090600000, 0x0000000090500000| Untracked 
| 262|0x0000000090600000, 0x0000000090700000, 0x0000000090700000|100%| O|  |TAMS 0x0000000090700000, 0x0000000090600000| Untracked 
| 263|0x0000000090700000, 0x0000000090800000, 0x0000000090800000|100%| O|  |TAMS 0x0000000090800000, 0x0000000090700000| Updating 
| 264|0x0000000090800000, 0x0000000090900000, 0x0000000090900000|100%| O|  |TAMS 0x0000000090900000, 0x0000000090800000| Untracked 
| 265|0x0000000090900000, 0x0000000090a00000, 0x0000000090a00000|100%| O|  |TAMS 0x0000000090a00000, 0x0000000090900000| Untracked 
| 266|0x0000000090a00000, 0x0000000090b00000, 0x0000000090b00000|100%| O|  |TAMS 0x0000000090b00000, 0x0000000090a00000| Untracked 
| 267|0x0000000090b00000, 0x0000000090c00000, 0x0000000090c00000|100%| O|  |TAMS 0x0000000090c00000, 0x0000000090b00000| Updating 
| 268|0x0000000090c00000, 0x0000000090d00000, 0x0000000090d00000|100%| O|  |TAMS 0x0000000090d00000, 0x0000000090c00000| Updating 
| 269|0x0000000090d00000, 0x0000000090e00000, 0x0000000090e00000|100%| O|  |TAMS 0x0000000090e00000, 0x0000000090d00000| Updating 
| 270|0x0000000090e00000, 0x0000000090f00000, 0x0000000090f00000|100%| O|  |TAMS 0x0000000090f00000, 0x0000000090e00000| Updating 
| 271|0x0000000090f00000, 0x0000000091000000, 0x0000000091000000|100%| O|  |TAMS 0x0000000091000000, 0x0000000090f00000| Updating 
| 272|0x0000000091000000, 0x0000000091100000, 0x0000000091100000|100%| O|  |TAMS 0x0000000091100000, 0x0000000091000000| Updating 
| 273|0x0000000091100000, 0x0000000091200000, 0x0000000091200000|100%| O|  |TAMS 0x0000000091200000, 0x0000000091100000| Updating 
| 274|0x0000000091200000, 0x0000000091300000, 0x0000000091300000|100%| O|  |TAMS 0x0000000091300000, 0x0000000091200000| Updating 
| 275|0x0000000091300000, 0x0000000091400000, 0x0000000091400000|100%| O|  |TAMS 0x0000000091400000, 0x0000000091300000| Updating 
| 276|0x0000000091400000, 0x0000000091500000, 0x0000000091500000|100%| O|  |TAMS 0x0000000091500000, 0x0000000091400000| Updating 
| 277|0x0000000091500000, 0x0000000091600000, 0x0000000091600000|100%| O|  |TAMS 0x0000000091600000, 0x0000000091500000| Updating 
| 278|0x0000000091600000, 0x0000000091700000, 0x0000000091700000|100%| O|  |TAMS 0x0000000091700000, 0x0000000091600000| Updating 
| 279|0x0000000091700000, 0x0000000091800000, 0x0000000091800000|100%| O|  |TAMS 0x0000000091800000, 0x0000000091700000| Updating 
| 280|0x0000000091800000, 0x0000000091900000, 0x0000000091900000|100%| O|  |TAMS 0x0000000091900000, 0x0000000091800000| Updating 
| 281|0x0000000091900000, 0x0000000091a00000, 0x0000000091a00000|100%| O|  |TAMS 0x0000000091a00000, 0x0000000091900000| Updating 
| 282|0x0000000091a00000, 0x0000000091b00000, 0x0000000091b00000|100%| O|  |TAMS 0x0000000091b00000, 0x0000000091a00000| Updating 
| 283|0x0000000091b00000, 0x0000000091b00000, 0x0000000091c00000|  0%| F|  |TAMS 0x0000000091b00000, 0x0000000091b00000| Untracked 
| 284|0x0000000091c00000, 0x0000000091d00000, 0x0000000091d00000|100%| O|  |TAMS 0x0000000091d00000, 0x0000000091c00000| Updating 
| 285|0x0000000091d00000, 0x0000000091e00000, 0x0000000091e00000|100%| O|  |TAMS 0x0000000091e00000, 0x0000000091d00000| Updating 
| 286|0x0000000091e00000, 0x0000000091f00000, 0x0000000091f00000|100%| O|  |TAMS 0x0000000091f00000, 0x0000000091e00000| Updating 
| 287|0x0000000091f00000, 0x0000000092000000, 0x0000000092000000|100%| O|  |TAMS 0x0000000092000000, 0x0000000091f00000| Updating 
| 288|0x0000000092000000, 0x0000000092000000, 0x0000000092100000|  0%| F|  |TAMS 0x0000000092000000, 0x0000000092000000| Untracked 
| 289|0x0000000092100000, 0x0000000092200000, 0x0000000092200000|100%| O|  |TAMS 0x0000000092200000, 0x0000000092100000| Updating 
| 290|0x0000000092200000, 0x0000000092200000, 0x0000000092300000|  0%| F|  |TAMS 0x0000000092200000, 0x0000000092200000| Untracked 
| 291|0x0000000092300000, 0x0000000092400000, 0x0000000092400000|100%| O|  |TAMS 0x0000000092400000, 0x0000000092300000| Updating 
| 292|0x0000000092400000, 0x0000000092500000, 0x0000000092500000|100%| O|  |TAMS 0x0000000092500000, 0x0000000092400000| Updating 
| 293|0x0000000092500000, 0x0000000092500000, 0x0000000092600000|  0%| F|  |TAMS 0x0000000092500000, 0x0000000092500000| Untracked 
| 294|0x0000000092600000, 0x0000000092600000, 0x0000000092700000|  0%| F|  |TAMS 0x0000000092600000, 0x0000000092600000| Untracked 
| 295|0x0000000092700000, 0x0000000092700000, 0x0000000092800000|  0%| F|  |TAMS 0x0000000092700000, 0x0000000092700000| Untracked 
| 296|0x0000000092800000, 0x0000000092900000, 0x0000000092900000|100%| O|  |TAMS 0x0000000092900000, 0x0000000092800000| Updating 
| 297|0x0000000092900000, 0x0000000092a00000, 0x0000000092a00000|100%| O|  |TAMS 0x0000000092a00000, 0x0000000092900000| Updating 
| 298|0x0000000092a00000, 0x0000000092b00000, 0x0000000092b00000|100%| O|  |TAMS 0x0000000092b00000, 0x0000000092a00000| Updating 
| 299|0x0000000092b00000, 0x0000000092c00000, 0x0000000092c00000|100%| O|  |TAMS 0x0000000092c00000, 0x0000000092b00000| Updating 
| 300|0x0000000092c00000, 0x0000000092d00000, 0x0000000092d00000|100%| O|  |TAMS 0x0000000092d00000, 0x0000000092c00000| Updating 
| 301|0x0000000092d00000, 0x0000000092d00000, 0x0000000092e00000|  0%| F|  |TAMS 0x0000000092d00000, 0x0000000092d00000| Untracked 
| 302|0x0000000092e00000, 0x0000000092e00000, 0x0000000092f00000|  0%| F|  |TAMS 0x0000000092e00000, 0x0000000092e00000| Untracked 
| 303|0x0000000092f00000, 0x0000000093000000, 0x0000000093000000|100%| O|  |TAMS 0x0000000093000000, 0x0000000092f00000| Updating 
| 304|0x0000000093000000, 0x0000000093100000, 0x0000000093100000|100%| O|  |TAMS 0x0000000093100000, 0x0000000093000000| Updating 
| 305|0x0000000093100000, 0x0000000093200000, 0x0000000093200000|100%| O|  |TAMS 0x0000000093200000, 0x0000000093100000| Updating 
| 306|0x0000000093200000, 0x0000000093300000, 0x0000000093300000|100%| O|  |TAMS 0x0000000093300000, 0x0000000093200000| Updating 
| 307|0x0000000093300000, 0x0000000093400000, 0x0000000093400000|100%| O|  |TAMS 0x0000000093400000, 0x0000000093300000| Updating 
| 308|0x0000000093400000, 0x0000000093500000, 0x0000000093500000|100%| O|  |TAMS 0x0000000093500000, 0x0000000093400000| Updating 
| 309|0x0000000093500000, 0x0000000093500000, 0x0000000093600000|  0%| F|  |TAMS 0x0000000093500000, 0x0000000093500000| Untracked 
| 310|0x0000000093600000, 0x0000000093600000, 0x0000000093700000|  0%| F|  |TAMS 0x0000000093600000, 0x0000000093600000| Untracked 
| 311|0x0000000093700000, 0x0000000093800000, 0x0000000093800000|100%| O|  |TAMS 0x0000000093800000, 0x0000000093700000| Updating 
| 312|0x0000000093800000, 0x0000000093900000, 0x0000000093900000|100%| O|  |TAMS 0x0000000093900000, 0x0000000093800000| Updating 
| 313|0x0000000093900000, 0x0000000093a00000, 0x0000000093a00000|100%| O|  |TAMS 0x0000000093a00000, 0x0000000093900000| Updating 
| 314|0x0000000093a00000, 0x0000000093b00000, 0x0000000093b00000|100%| O|  |TAMS 0x0000000093b00000, 0x0000000093a00000| Updating 
| 315|0x0000000093b00000, 0x0000000093c00000, 0x0000000093c00000|100%| O|  |TAMS 0x0000000093c00000, 0x0000000093b00000| Updating 
| 316|0x0000000093c00000, 0x0000000093d00000, 0x0000000093d00000|100%| O|  |TAMS 0x0000000093d00000, 0x0000000093c00000| Updating 
| 317|0x0000000093d00000, 0x0000000093e00000, 0x0000000093e00000|100%| O|  |TAMS 0x0000000093e00000, 0x0000000093d00000| Updating 
| 318|0x0000000093e00000, 0x0000000093e00000, 0x0000000093f00000|  0%| F|  |TAMS 0x0000000093e00000, 0x0000000093e00000| Untracked 
| 319|0x0000000093f00000, 0x0000000094000000, 0x0000000094000000|100%| O|  |TAMS 0x0000000094000000, 0x0000000093f00000| Updating 
| 320|0x0000000094000000, 0x0000000094100000, 0x0000000094100000|100%| O|  |TAMS 0x0000000094100000, 0x0000000094000000| Updating 
| 321|0x0000000094100000, 0x0000000094200000, 0x0000000094200000|100%| O|  |TAMS 0x0000000094200000, 0x0000000094100000| Updating 
| 322|0x0000000094200000, 0x0000000094300000, 0x0000000094300000|100%| O|  |TAMS 0x0000000094300000, 0x0000000094200000| Updating 
| 323|0x0000000094300000, 0x0000000094400000, 0x0000000094400000|100%| O|  |TAMS 0x0000000094400000, 0x0000000094300000| Updating 
| 324|0x0000000094400000, 0x0000000094500000, 0x0000000094500000|100%| O|  |TAMS 0x0000000094500000, 0x0000000094400000| Updating 
| 325|0x0000000094500000, 0x0000000094600000, 0x0000000094600000|100%| O|  |TAMS 0x0000000094600000, 0x0000000094500000| Updating 
| 326|0x0000000094600000, 0x0000000094700000, 0x0000000094700000|100%| O|  |TAMS 0x0000000094700000, 0x0000000094600000| Updating 
| 327|0x0000000094700000, 0x0000000094800000, 0x0000000094800000|100%| O|  |TAMS 0x0000000094800000, 0x0000000094700000| Updating 
| 328|0x0000000094800000, 0x0000000094900000, 0x0000000094900000|100%| O|  |TAMS 0x0000000094900000, 0x0000000094800000| Updating 
| 329|0x0000000094900000, 0x0000000094a00000, 0x0000000094a00000|100%| O|  |TAMS 0x0000000094a00000, 0x0000000094900000| Updating 
| 330|0x0000000094a00000, 0x0000000094a00000, 0x0000000094b00000|  0%| F|  |TAMS 0x0000000094a00000, 0x0000000094a00000| Untracked 
| 331|0x0000000094b00000, 0x0000000094b00000, 0x0000000094c00000|  0%| F|  |TAMS 0x0000000094b00000, 0x0000000094b00000| Untracked 
| 332|0x0000000094c00000, 0x0000000094d00000, 0x0000000094d00000|100%| O|  |TAMS 0x0000000094d00000, 0x0000000094c00000| Updating 
| 333|0x0000000094d00000, 0x0000000094e00000, 0x0000000094e00000|100%| O|  |TAMS 0x0000000094e00000, 0x0000000094d00000| Updating 
| 334|0x0000000094e00000, 0x0000000094e00000, 0x0000000094f00000|  0%| F|  |TAMS 0x0000000094e00000, 0x0000000094e00000| Untracked 
| 335|0x0000000094f00000, 0x0000000095000000, 0x0000000095000000|100%| O|  |TAMS 0x0000000095000000, 0x0000000094f00000| Updating 
| 336|0x0000000095000000, 0x0000000095100000, 0x0000000095100000|100%| O|  |TAMS 0x0000000095100000, 0x0000000095000000| Updating 
| 337|0x0000000095100000, 0x0000000095200000, 0x0000000095200000|100%| O|  |TAMS 0x0000000095200000, 0x0000000095100000| Updating 
| 338|0x0000000095200000, 0x0000000095200000, 0x0000000095300000|  0%| F|  |TAMS 0x0000000095200000, 0x0000000095200000| Untracked 
| 339|0x0000000095300000, 0x0000000095300000, 0x0000000095400000|  0%| F|  |TAMS 0x0000000095300000, 0x0000000095300000| Untracked 
| 340|0x0000000095400000, 0x0000000095500000, 0x0000000095500000|100%| O|  |TAMS 0x0000000095500000, 0x0000000095400000| Updating 
| 341|0x0000000095500000, 0x0000000095600000, 0x0000000095600000|100%| O|  |TAMS 0x0000000095600000, 0x0000000095500000| Updating 
| 342|0x0000000095600000, 0x0000000095700000, 0x0000000095700000|100%| O|  |TAMS 0x0000000095700000, 0x0000000095600000| Updating 
| 343|0x0000000095700000, 0x0000000095800000, 0x0000000095800000|100%| O|  |TAMS 0x0000000095800000, 0x0000000095700000| Updating 
| 344|0x0000000095800000, 0x0000000095900000, 0x0000000095900000|100%| O|  |TAMS 0x0000000095900000, 0x0000000095800000| Updating 
| 345|0x0000000095900000, 0x0000000095a00000, 0x0000000095a00000|100%| O|  |TAMS 0x0000000095a00000, 0x0000000095900000| Updating 
| 346|0x0000000095a00000, 0x0000000095b00000, 0x0000000095b00000|100%| O|  |TAMS 0x0000000095b00000, 0x0000000095a00000| Updating 
| 347|0x0000000095b00000, 0x0000000095c00000, 0x0000000095c00000|100%| O|  |TAMS 0x0000000095c00000, 0x0000000095b00000| Updating 
| 348|0x0000000095c00000, 0x0000000095d00000, 0x0000000095d00000|100%| O|  |TAMS 0x0000000095d00000, 0x0000000095c00000| Updating 
| 349|0x0000000095d00000, 0x0000000095e00000, 0x0000000095e00000|100%| O|  |TAMS 0x0000000095e00000, 0x0000000095d00000| Untracked 
| 350|0x0000000095e00000, 0x0000000095f00000, 0x0000000095f00000|100%| O|  |TAMS 0x0000000095f00000, 0x0000000095e00000| Untracked 
| 351|0x0000000095f00000, 0x0000000096000000, 0x0000000096000000|100%| O|  |TAMS 0x0000000096000000, 0x0000000095f00000| Untracked 
| 352|0x0000000096000000, 0x0000000096100000, 0x0000000096100000|100%| O|  |TAMS 0x0000000096100000, 0x0000000096000000| Updating 
| 353|0x0000000096100000, 0x0000000096200000, 0x0000000096200000|100%| O|  |TAMS 0x0000000096200000, 0x0000000096100000| Untracked 
| 354|0x0000000096200000, 0x0000000096300000, 0x0000000096300000|100%| O|  |TAMS 0x0000000096300000, 0x0000000096200000| Updating 
| 355|0x0000000096300000, 0x0000000096400000, 0x0000000096400000|100%| O|  |TAMS 0x0000000096400000, 0x0000000096300000| Updating 
| 356|0x0000000096400000, 0x0000000096500000, 0x0000000096500000|100%| O|  |TAMS 0x0000000096500000, 0x0000000096400000| Untracked 
| 357|0x0000000096500000, 0x0000000096600000, 0x0000000096600000|100%| O|  |TAMS 0x0000000096600000, 0x0000000096500000| Untracked 
| 358|0x0000000096600000, 0x0000000096700000, 0x0000000096700000|100%| O|  |TAMS 0x0000000096700000, 0x0000000096600000| Untracked 
| 359|0x0000000096700000, 0x0000000096800000, 0x0000000096800000|100%| O|  |TAMS 0x0000000096800000, 0x0000000096700000| Untracked 
| 360|0x0000000096800000, 0x0000000096900000, 0x0000000096900000|100%| O|  |TAMS 0x0000000096900000, 0x0000000096800000| Updating 
| 361|0x0000000096900000, 0x0000000096a00000, 0x0000000096a00000|100%| O|  |TAMS 0x0000000096a00000, 0x0000000096900000| Untracked 
| 362|0x0000000096a00000, 0x0000000096b00000, 0x0000000096b00000|100%| O|  |TAMS 0x0000000096b00000, 0x0000000096a00000| Untracked 
| 363|0x0000000096b00000, 0x0000000096c00000, 0x0000000096c00000|100%| O|  |TAMS 0x0000000096c00000, 0x0000000096b00000| Untracked 
| 364|0x0000000096c00000, 0x0000000096d00000, 0x0000000096d00000|100%| O|  |TAMS 0x0000000096d00000, 0x0000000096c00000| Updating 
| 365|0x0000000096d00000, 0x0000000096e00000, 0x0000000096e00000|100%| O|  |TAMS 0x0000000096e00000, 0x0000000096d00000| Untracked 
| 366|0x0000000096e00000, 0x0000000096f00000, 0x0000000096f00000|100%| O|  |TAMS 0x0000000096f00000, 0x0000000096e00000| Untracked 
| 367|0x0000000096f00000, 0x0000000097000000, 0x0000000097000000|100%| O|  |TAMS 0x0000000097000000, 0x0000000096f00000| Untracked 
| 368|0x0000000097000000, 0x0000000097100000, 0x0000000097100000|100%| O|  |TAMS 0x0000000097100000, 0x0000000097000000| Updating 
| 369|0x0000000097100000, 0x0000000097200000, 0x0000000097200000|100%| O|  |TAMS 0x0000000097200000, 0x0000000097100000| Untracked 
| 370|0x0000000097200000, 0x0000000097300000, 0x0000000097300000|100%| O|  |TAMS 0x0000000097300000, 0x0000000097200000| Untracked 
| 371|0x0000000097300000, 0x0000000097400000, 0x0000000097400000|100%| O|  |TAMS 0x0000000097400000, 0x0000000097300000| Untracked 
| 372|0x0000000097400000, 0x0000000097500000, 0x0000000097500000|100%| O|  |TAMS 0x0000000097458c00, 0x0000000097400000| Updating 
| 373|0x0000000097500000, 0x0000000097600000, 0x0000000097600000|100%| O|  |TAMS 0x0000000097500000, 0x0000000097500000| Untracked 
| 374|0x0000000097600000, 0x0000000097700000, 0x0000000097700000|100%| O|  |TAMS 0x0000000097600000, 0x0000000097600000| Untracked 
| 375|0x0000000097700000, 0x0000000097800000, 0x0000000097800000|100%| O|  |TAMS 0x0000000097700000, 0x0000000097700000| Untracked 
| 376|0x0000000097800000, 0x0000000097900000, 0x0000000097900000|100%| O|  |TAMS 0x0000000097800000, 0x0000000097800000| Untracked 
| 377|0x0000000097900000, 0x0000000097a00000, 0x0000000097a00000|100%| O|  |TAMS 0x0000000097900000, 0x0000000097900000| Untracked 
| 378|0x0000000097a00000, 0x0000000097b00000, 0x0000000097b00000|100%| O|  |TAMS 0x0000000097a00000, 0x0000000097a00000| Untracked 
| 379|0x0000000097b00000, 0x0000000097b9a800, 0x0000000097c00000| 60%| O|  |TAMS 0x0000000097b00000, 0x0000000097b00000| Updating 
| 380|0x0000000097c00000, 0x0000000097c00000, 0x0000000097d00000|  0%| F|  |TAMS 0x0000000097c00000, 0x0000000097c00000| Untracked 
| 381|0x0000000097d00000, 0x0000000097d00000, 0x0000000097e00000|  0%| F|  |TAMS 0x0000000097d00000, 0x0000000097d00000| Untracked 
| 382|0x0000000097e00000, 0x0000000097e00000, 0x0000000097f00000|  0%| F|  |TAMS 0x0000000097e00000, 0x0000000097e00000| Untracked 
| 383|0x0000000097f00000, 0x0000000097f00000, 0x0000000098000000|  0%| F|  |TAMS 0x0000000097f00000, 0x0000000097f00000| Untracked 
| 384|0x0000000098000000, 0x0000000098000000, 0x0000000098100000|  0%| F|  |TAMS 0x0000000098000000, 0x0000000098000000| Untracked 
| 385|0x0000000098100000, 0x0000000098100000, 0x0000000098200000|  0%| F|  |TAMS 0x0000000098100000, 0x0000000098100000| Untracked 
| 386|0x0000000098200000, 0x0000000098200000, 0x0000000098300000|  0%| F|  |TAMS 0x0000000098200000, 0x0000000098200000| Untracked 
| 387|0x0000000098300000, 0x0000000098300000, 0x0000000098400000|  0%| F|  |TAMS 0x0000000098300000, 0x0000000098300000| Untracked 
| 388|0x0000000098400000, 0x0000000098400000, 0x0000000098500000|  0%| F|  |TAMS 0x0000000098400000, 0x0000000098400000| Untracked 
| 389|0x0000000098500000, 0x0000000098500000, 0x0000000098600000|  0%| F|  |TAMS 0x0000000098500000, 0x0000000098500000| Untracked 
| 390|0x0000000098600000, 0x0000000098600000, 0x0000000098700000|  0%| F|  |TAMS 0x0000000098600000, 0x0000000098600000| Untracked 
| 391|0x0000000098700000, 0x0000000098700000, 0x0000000098800000|  0%| F|  |TAMS 0x0000000098700000, 0x0000000098700000| Untracked 
| 392|0x0000000098800000, 0x0000000098800000, 0x0000000098900000|  0%| F|  |TAMS 0x0000000098800000, 0x0000000098800000| Untracked 
| 393|0x0000000098900000, 0x0000000098900000, 0x0000000098a00000|  0%| F|  |TAMS 0x0000000098900000, 0x0000000098900000| Untracked 
| 394|0x0000000098a00000, 0x0000000098a00000, 0x0000000098b00000|  0%| F|  |TAMS 0x0000000098a00000, 0x0000000098a00000| Untracked 
| 395|0x0000000098b00000, 0x0000000098b00000, 0x0000000098c00000|  0%| F|  |TAMS 0x0000000098b00000, 0x0000000098b00000| Untracked 
| 396|0x0000000098c00000, 0x0000000098c00000, 0x0000000098d00000|  0%| F|  |TAMS 0x0000000098c00000, 0x0000000098c00000| Untracked 
| 397|0x0000000098d00000, 0x0000000098e00000, 0x0000000098e00000|100%| S|CS|TAMS 0x0000000098d00000, 0x0000000098d00000| Complete 
| 398|0x0000000098e00000, 0x0000000098f00000, 0x0000000098f00000|100%| S|CS|TAMS 0x0000000098e00000, 0x0000000098e00000| Complete 
| 399|0x0000000098f00000, 0x0000000099000000, 0x0000000099000000|100%| S|CS|TAMS 0x0000000098f00000, 0x0000000098f00000| Complete 
| 400|0x0000000099000000, 0x0000000099000000, 0x0000000099100000|  0%| F|  |TAMS 0x0000000099000000, 0x0000000099000000| Untracked 
| 401|0x0000000099100000, 0x0000000099100000, 0x0000000099200000|  0%| F|  |TAMS 0x0000000099100000, 0x0000000099100000| Untracked 
| 402|0x0000000099200000, 0x0000000099200000, 0x0000000099300000|  0%| F|  |TAMS 0x0000000099200000, 0x0000000099200000| Untracked 
| 403|0x0000000099300000, 0x0000000099300000, 0x0000000099400000|  0%| F|  |TAMS 0x0000000099300000, 0x0000000099300000| Untracked 
| 404|0x0000000099400000, 0x0000000099400000, 0x0000000099500000|  0%| F|  |TAMS 0x0000000099400000, 0x0000000099400000| Untracked 
| 405|0x0000000099500000, 0x0000000099500000, 0x0000000099600000|  0%| F|  |TAMS 0x0000000099500000, 0x0000000099500000| Untracked 
| 406|0x0000000099600000, 0x0000000099600000, 0x0000000099700000|  0%| F|  |TAMS 0x0000000099600000, 0x0000000099600000| Untracked 
| 407|0x0000000099700000, 0x0000000099700000, 0x0000000099800000|  0%| F|  |TAMS 0x0000000099700000, 0x0000000099700000| Untracked 
| 408|0x0000000099800000, 0x0000000099800000, 0x0000000099900000|  0%| F|  |TAMS 0x0000000099800000, 0x0000000099800000| Untracked 
| 409|0x0000000099900000, 0x0000000099900000, 0x0000000099a00000|  0%| F|  |TAMS 0x0000000099900000, 0x0000000099900000| Untracked 
| 410|0x0000000099a00000, 0x0000000099a00000, 0x0000000099b00000|  0%| F|  |TAMS 0x0000000099a00000, 0x0000000099a00000| Untracked 
| 411|0x0000000099b00000, 0x0000000099b00000, 0x0000000099c00000|  0%| F|  |TAMS 0x0000000099b00000, 0x0000000099b00000| Untracked 
| 412|0x0000000099c00000, 0x0000000099c00000, 0x0000000099d00000|  0%| F|  |TAMS 0x0000000099c00000, 0x0000000099c00000| Untracked 
| 413|0x0000000099d00000, 0x0000000099d00000, 0x0000000099e00000|  0%| F|  |TAMS 0x0000000099d00000, 0x0000000099d00000| Untracked 
| 414|0x0000000099e00000, 0x0000000099e00000, 0x0000000099f00000|  0%| F|  |TAMS 0x0000000099e00000, 0x0000000099e00000| Untracked 
| 415|0x0000000099f00000, 0x0000000099f00000, 0x000000009a000000|  0%| F|  |TAMS 0x0000000099f00000, 0x0000000099f00000| Untracked 
| 416|0x000000009a000000, 0x000000009a000000, 0x000000009a100000|  0%| F|  |TAMS 0x000000009a000000, 0x000000009a000000| Untracked 
| 417|0x000000009a100000, 0x000000009a100000, 0x000000009a200000|  0%| F|  |TAMS 0x000000009a100000, 0x000000009a100000| Untracked 
| 418|0x000000009a200000, 0x000000009a200000, 0x000000009a300000|  0%| F|  |TAMS 0x000000009a200000, 0x000000009a200000| Untracked 
| 419|0x000000009a300000, 0x000000009a3a8fd0, 0x000000009a400000| 66%| E|  |TAMS 0x000000009a300000, 0x000000009a300000| Complete 

Card table byte_map: [0x00000157dbea0000,0x00000157dc2a0000] _byte_map_base: 0x00000157dbaa0000

Marking Bits (Prev, Next): (CMBitMap*) 0x00000157c5240c30, (CMBitMap*) 0x00000157c5240c70
 Prev Bits: [0x00000157dc6a0000, 0x00000157de6a0000)
 Next Bits: [0x00000157de6a0000, 0x00000157e06a0000)

Polling page: 0x00000157c31d0000

Metaspace:

Usage:
  Non-class:    106.68 MB used.
      Class:     16.94 MB used.
       Both:    123.63 MB used.

Virtual space:
  Non-class space:      128.00 MB reserved,     108.00 MB ( 84%) committed,  2 nodes.
      Class space:      416.00 MB reserved,      18.12 MB (  4%) committed,  1 nodes.
             Both:      544.00 MB reserved,     126.12 MB ( 23%) committed. 

Chunk freelists:
   Non-Class:  3.68 MB
       Class:  13.80 MB
        Both:  17.49 MB

MaxMetaspaceSize: 512.00 MB
CompressedClassSpaceSize: 416.00 MB
Initial GC threshold: 21.00 MB
Current GC threshold: 165.94 MB
CDS: on
MetaspaceReclaimPolicy: balanced
 - commit_granule_bytes: 65536.
 - commit_granule_words: 8192.
 - virtual_space_node_default_size: 8388608.
 - enlarge_chunks_in_place: 1.
 - new_chunks_are_fully_committed: 0.
 - uncommit_free_chunks: 1.
 - use_allocation_guard: 0.
 - handle_deallocations: 1.


Internal statistics:

num_allocs_failed_limit: 15.
num_arena_births: 4066.
num_arena_deaths: 0.
num_vsnodes_births: 3.
num_vsnodes_deaths: 0.
num_space_committed: 2017.
num_space_uncommitted: 0.
num_chunks_returned_to_freelist: 15.
num_chunks_taken_from_freelist: 10679.
num_chunk_merges: 15.
num_chunk_splits: 6381.
num_chunks_enlarged: 3283.
num_inconsistent_stats: 0.

CodeHeap 'non-profiled nmethods': size=120000Kb used=18868Kb max_used=18943Kb free=101131Kb
 bounds [0x00000157d4570000, 0x00000157d5800000, 0x00000157dbaa0000]
CodeHeap 'profiled nmethods': size=120000Kb used=40774Kb max_used=42803Kb free=79225Kb
 bounds [0x00000157ccaa0000, 0x00000157cf490000, 0x00000157d3fd0000]
CodeHeap 'non-nmethods': size=5760Kb used=1819Kb max_used=1980Kb free=3941Kb
 bounds [0x00000157d3fd0000, 0x00000157d4240000, 0x00000157d4570000]
 total_blobs=21862 nmethods=20931 adapters=842
 compilation: enabled
              stopped_count=0, restarted_count=0
 full_count=0

Compilation events (20 events):
Event: 1634.796 Thread 0x00000157e2bb7e40 26061       1       com.android.build.gradle.internal.tasks.BundleLibraryClassesJar$CreationAction::getType (5 bytes)
Event: 1634.796 Thread 0x00000157e2bb7e40 nmethod 26061 0x00000157d539e610 code [0x00000157d539e7a0, 0x00000157d539e878]
Event: 1634.796 Thread 0x00000157e2bb7e40 26062       1       com.android.build.gradle.internal.tasks.LibraryJniLibsTask$CreationAction::getType (5 bytes)
Event: 1634.796 Thread 0x00000157e2bb7e40 nmethod 26062 0x00000157d539e310 code [0x00000157d539e4a0, 0x00000157d539e578]
Event: 1634.797 Thread 0x00000157e2bb7e40 26063       1       com.android.build.gradle.tasks.BundleAar$BaseCreationAction::getType (3 bytes)
Event: 1634.797 Thread 0x00000157e2bb7e40 nmethod 26063 0x00000157d539e010 code [0x00000157d539e1a0, 0x00000157d539e278]
Event: 1634.799 Thread 0x00000157e2bb7e40 26064       1       com.android.build.gradle.internal.tasks.DexMergingTask$CreationAction::getName (5 bytes)
Event: 1634.799 Thread 0x00000157e2bb7e40 nmethod 26064 0x00000157d539dc10 code [0x00000157d539dda0, 0x00000157d539de78]
Event: 1634.799 Thread 0x00000157e2bb7e40 26065       1       com.android.build.gradle.internal.tasks.DexMergingTask$CreationAction::getType (5 bytes)
Event: 1634.799 Thread 0x00000157e2bb7e40 nmethod 26065 0x00000157d4fb4910 code [0x00000157d4fb4aa0, 0x00000157d4fb4b78]
Event: 1634.814 Thread 0x00000157e2bb7e40 26066       3       org.gradle.api.internal.ReflectiveNamedDomainObjectFactory::<init> (20 bytes)
Event: 1634.814 Thread 0x00000157e2bb7e40 nmethod 26066 0x00000157cd209a90 code [0x00000157cd209c40, 0x00000157cd209eb8]
Event: 1634.815 Thread 0x00000157e2bb7e40 26067       3       com.android.build.api.variant.impl.LibraryVariantImpl_Decorated::getDeviceTests (40 bytes)
Event: 1634.815 Thread 0x00000157e2bb7e40 nmethod 26067 0x00000157ccd44410 code [0x00000157ccd445e0, 0x00000157ccd44978]
Event: 1634.823 Thread 0x00000157e2bb7e40 26068       3       org.gradle.api.internal.collections.DefaultDomainObjectCollectionFactory::container (83 bytes)
Event: 1634.824 Thread 0x00000157e2bb7e40 nmethod 26068 0x00000157ccc83790 code [0x00000157ccc83a00, 0x00000157ccc84be8]
Event: 1634.824 Thread 0x00000157e2bb7e40 26069       1       com.android.build.api.variant.impl.LibraryVariantImpl::getAarOutputFileName (5 bytes)
Event: 1634.824 Thread 0x00000157e2bb7e40 nmethod 26069 0x00000157d4fb4610 code [0x00000157d4fb47a0, 0x00000157d4fb4878]
Event: 1634.976 Thread 0x00000157e2ba63e0 nmethod 25978 0x00000157d57efd10 code [0x00000157d57f0300, 0x00000157d57f7790]
Event: 1634.977 Thread 0x00000157e2ba63e0 26016       4       org.gradle.util.Path::compareTo (110 bytes)

GC Heap History (20 events):
Event: 1629.285 GC heap before
{Heap before GC invocations=84 (full 0):
 garbage-first heap   total 430080K, used 381034K [0x0000000080000000, 0x0000000100000000)
  region size 1024K, 25 young (25600K), 2 survivors (2048K)
 Metaspace       used 126164K, committed 128640K, reserved 557056K
  class space    used 17325K, committed 18496K, reserved 425984K
}
Event: 1629.294 GC heap after
{Heap after GC invocations=85 (full 0):
 garbage-first heap   total 430080K, used 361463K [0x0000000080000000, 0x0000000100000000)
  region size 1024K, 4 young (4096K), 4 survivors (4096K)
 Metaspace       used 126164K, committed 128640K, reserved 557056K
  class space    used 17325K, committed 18496K, reserved 425984K
}
Event: 1630.086 GC heap before
{Heap before GC invocations=85 (full 0):
 garbage-first heap   total 430080K, used 380919K [0x0000000080000000, 0x0000000100000000)
  region size 1024K, 24 young (24576K), 4 survivors (4096K)
 Metaspace       used 126299K, committed 128704K, reserved 557056K
  class space    used 17343K, committed 18496K, reserved 425984K
}
Event: 1630.099 GC heap after
{Heap after GC invocations=86 (full 0):
 garbage-first heap   total 430080K, used 364481K [0x0000000080000000, 0x0000000100000000)
  region size 1024K, 3 young (3072K), 3 survivors (3072K)
 Metaspace       used 126299K, committed 128704K, reserved 557056K
  class space    used 17343K, committed 18496K, reserved 425984K
}
Event: 1630.772 GC heap before
{Heap before GC invocations=86 (full 0):
 garbage-first heap   total 430080K, used 382913K [0x0000000080000000, 0x0000000100000000)
  region size 1024K, 21 young (21504K), 3 survivors (3072K)
 Metaspace       used 126322K, committed 128704K, reserved 557056K
  class space    used 17345K, committed 18496K, reserved 425984K
}
Event: 1630.782 GC heap after
{Heap after GC invocations=87 (full 0):
 garbage-first heap   total 430080K, used 367055K [0x0000000080000000, 0x0000000100000000)
  region size 1024K, 3 young (3072K), 3 survivors (3072K)
 Metaspace       used 126322K, committed 128704K, reserved 557056K
  class space    used 17345K, committed 18496K, reserved 425984K
}
Event: 1631.505 GC heap before
{Heap before GC invocations=87 (full 0):
 garbage-first heap   total 430080K, used 384463K [0x0000000080000000, 0x0000000100000000)
  region size 1024K, 21 young (21504K), 3 survivors (3072K)
 Metaspace       used 126354K, committed 128832K, reserved 557056K
  class space    used 17346K, committed 18560K, reserved 425984K
}
Event: 1631.514 GC heap after
{Heap after GC invocations=88 (full 0):
 garbage-first heap   total 430080K, used 369696K [0x0000000080000000, 0x0000000100000000)
  region size 1024K, 3 young (3072K), 3 survivors (3072K)
 Metaspace       used 126354K, committed 128832K, reserved 557056K
  class space    used 17346K, committed 18560K, reserved 425984K
}
Event: 1632.135 GC heap before
{Heap before GC invocations=88 (full 0):
 garbage-first heap   total 430080K, used 388128K [0x0000000080000000, 0x0000000100000000)
  region size 1024K, 21 young (21504K), 3 survivors (3072K)
 Metaspace       used 126406K, committed 128896K, reserved 557056K
  class space    used 17347K, committed 18560K, reserved 425984K
}
Event: 1632.146 GC heap after
{Heap after GC invocations=89 (full 0):
 garbage-first heap   total 430080K, used 372394K [0x0000000080000000, 0x0000000100000000)
  region size 1024K, 3 young (3072K), 3 survivors (3072K)
 Metaspace       used 126406K, committed 128896K, reserved 557056K
  class space    used 17347K, committed 18560K, reserved 425984K
}
Event: 1632.946 GC heap before
{Heap before GC invocations=89 (full 0):
 garbage-first heap   total 430080K, used 389802K [0x0000000080000000, 0x0000000100000000)
  region size 1024K, 21 young (21504K), 3 survivors (3072K)
 Metaspace       used 126436K, committed 128960K, reserved 557056K
  class space    used 17347K, committed 18560K, reserved 425984K
}
Event: 1632.960 GC heap after
{Heap after GC invocations=90 (full 0):
 garbage-first heap   total 430080K, used 376574K [0x0000000080000000, 0x0000000100000000)
  region size 1024K, 3 young (3072K), 3 survivors (3072K)
 Metaspace       used 126436K, committed 128960K, reserved 557056K
  class space    used 17347K, committed 18560K, reserved 425984K
}
Event: 1633.442 GC heap before
{Heap before GC invocations=90 (full 0):
 garbage-first heap   total 430080K, used 395006K [0x0000000080000000, 0x0000000100000000)
  region size 1024K, 21 young (21504K), 3 survivors (3072K)
 Metaspace       used 126479K, committed 129024K, reserved 557056K
  class space    used 17348K, committed 18560K, reserved 425984K
}
Event: 1633.454 GC heap after
{Heap after GC invocations=91 (full 0):
 garbage-first heap   total 430080K, used 380550K [0x0000000080000000, 0x0000000100000000)
  region size 1024K, 3 young (3072K), 3 survivors (3072K)
 Metaspace       used 126479K, committed 129024K, reserved 557056K
  class space    used 17348K, committed 18560K, reserved 425984K
}
Event: 1633.956 GC heap before
{Heap before GC invocations=91 (full 0):
 garbage-first heap   total 430080K, used 397958K [0x0000000080000000, 0x0000000100000000)
  region size 1024K, 21 young (21504K), 3 survivors (3072K)
 Metaspace       used 126492K, committed 129024K, reserved 557056K
  class space    used 17348K, committed 18560K, reserved 425984K
}
Event: 1633.970 GC heap after
{Heap after GC invocations=92 (full 0):
 garbage-first heap   total 430080K, used 384355K [0x0000000080000000, 0x0000000100000000)
  region size 1024K, 3 young (3072K), 3 survivors (3072K)
 Metaspace       used 126492K, committed 129024K, reserved 557056K
  class space    used 17348K, committed 18560K, reserved 425984K
}
Event: 1634.378 GC heap before
{Heap before GC invocations=92 (full 0):
 garbage-first heap   total 430080K, used 402787K [0x0000000080000000, 0x0000000100000000)
  region size 1024K, 21 young (21504K), 3 survivors (3072K)
 Metaspace       used 126552K, committed 129088K, reserved 557056K
  class space    used 17349K, committed 18560K, reserved 425984K
}
Event: 1634.389 GC heap after
{Heap after GC invocations=93 (full 0):
 garbage-first heap   total 430080K, used 387229K [0x0000000080000000, 0x0000000100000000)
  region size 1024K, 3 young (3072K), 3 survivors (3072K)
 Metaspace       used 126552K, committed 129088K, reserved 557056K
  class space    used 17349K, committed 18560K, reserved 425984K
}
Event: 1634.948 GC heap before
{Heap before GC invocations=93 (full 0):
 garbage-first heap   total 430080K, used 405661K [0x0000000080000000, 0x0000000100000000)
  region size 1024K, 21 young (21504K), 3 survivors (3072K)
 Metaspace       used 126596K, committed 129152K, reserved 557056K
  class space    used 17351K, committed 18560K, reserved 425984K
}
Event: 1634.962 GC heap after
{Heap after GC invocations=94 (full 0):
 garbage-first heap   total 430080K, used 391786K [0x0000000080000000, 0x0000000100000000)
  region size 1024K, 3 young (3072K), 3 survivors (3072K)
 Metaspace       used 126596K, committed 129152K, reserved 557056K
  class space    used 17351K, committed 18560K, reserved 425984K
}

Deoptimization events (20 events):
Event: 1632.149 Thread 0x00000157fef6d120 Uncommon trap: trap_request=0xffffffde fr.pc=0x00000157d51ed1d0 relative=0x0000000000001430
Event: 1632.149 Thread 0x00000157fef6d120 Uncommon trap: reason=class_check action=maybe_recompile pc=0x00000157d51ed1d0 method=com.google.common.cache.LocalCache$Segment.removeValueFromChain(Lcom/google/common/cache/ReferenceEntry;Lcom/google/common/cache/ReferenceEntry;Ljava/lang/Object;ILjava/
Event: 1632.149 Thread 0x00000157fef6d120 DEOPT PACKING pc=0x00000157d51ed1d0 sp=0x00000022004f8470
Event: 1632.149 Thread 0x00000157fef6d120 DEOPT UNPACKING pc=0x00000157d40223a3 sp=0x00000022004f8460 mode 2
Event: 1632.149 Thread 0x00000157fef6d120 Uncommon trap: trap_request=0xffffffde fr.pc=0x00000157d5197608 relative=0x0000000000000de8
Event: 1632.149 Thread 0x00000157fef6d120 Uncommon trap: reason=class_check action=maybe_recompile pc=0x00000157d5197608 method=com.google.common.cache.LocalCache$Segment.copyEntry(Lcom/google/common/cache/ReferenceEntry;Lcom/google/common/cache/ReferenceEntry;)Lcom/google/common/cache/ReferenceE
Event: 1632.149 Thread 0x00000157fef6d120 DEOPT PACKING pc=0x00000157d5197608 sp=0x00000022004f83b0
Event: 1632.149 Thread 0x00000157fef6d120 DEOPT UNPACKING pc=0x00000157d40223a3 sp=0x00000022004f8368 mode 2
Event: 1632.149 Thread 0x00000157fef6d120 Uncommon trap: trap_request=0xffffffde fr.pc=0x00000157d5197608 relative=0x0000000000000de8
Event: 1632.149 Thread 0x00000157fef6d120 Uncommon trap: reason=class_check action=maybe_recompile pc=0x00000157d5197608 method=com.google.common.cache.LocalCache$Segment.copyEntry(Lcom/google/common/cache/ReferenceEntry;Lcom/google/common/cache/ReferenceEntry;)Lcom/google/common/cache/ReferenceE
Event: 1632.149 Thread 0x00000157fef6d120 DEOPT PACKING pc=0x00000157d5197608 sp=0x00000022004f83b0
Event: 1632.149 Thread 0x00000157fef6d120 DEOPT UNPACKING pc=0x00000157d40223a3 sp=0x00000022004f8368 mode 2
Event: 1632.149 Thread 0x00000157fef6d120 Uncommon trap: trap_request=0xffffffde fr.pc=0x00000157d5197608 relative=0x0000000000000de8
Event: 1632.149 Thread 0x00000157fef6d120 Uncommon trap: reason=class_check action=maybe_recompile pc=0x00000157d5197608 method=com.google.common.cache.LocalCache$Segment.copyEntry(Lcom/google/common/cache/ReferenceEntry;Lcom/google/common/cache/ReferenceEntry;)Lcom/google/common/cache/ReferenceE
Event: 1632.149 Thread 0x00000157fef6d120 DEOPT PACKING pc=0x00000157d5197608 sp=0x00000022004f83b0
Event: 1632.149 Thread 0x00000157fef6d120 DEOPT UNPACKING pc=0x00000157d40223a3 sp=0x00000022004f8368 mode 2
Event: 1632.454 Thread 0x00000157fef6d120 DEOPT PACKING pc=0x00000157cdcb87b7 sp=0x00000022004f84b0
Event: 1632.454 Thread 0x00000157fef6d120 DEOPT UNPACKING pc=0x00000157d4022b43 sp=0x00000022004f7868 mode 0
Event: 1634.373 Thread 0x00000157fef6d120 DEOPT PACKING pc=0x00000157cee797dd sp=0x00000022004f9350
Event: 1634.373 Thread 0x00000157fef6d120 DEOPT UNPACKING pc=0x00000157d4022b43 sp=0x00000022004f8980 mode 0

Classes unloaded (0 events):
No events

Classes redefined (0 events):
No events

Internal exceptions (20 events):
Event: 1628.810 Thread 0x00000157fef6d120 Exception <a 'sun/nio/fs/WindowsException'{0x0000000099f93218}> (0x0000000099f93218) 
thrown [s\open\src\hotspot\share\prims\jni.cpp, line 516]
Event: 1628.810 Thread 0x00000157fef6d120 Exception <a 'sun/nio/fs/WindowsException'{0x0000000099f96258}> (0x0000000099f96258) 
thrown [s\open\src\hotspot\share\prims\jni.cpp, line 516]
Event: 1628.810 Thread 0x00000157fef6d120 Exception <a 'sun/nio/fs/WindowsException'{0x0000000099f96600}> (0x0000000099f96600) 
thrown [s\open\src\hotspot\share\prims\jni.cpp, line 516]
Event: 1628.811 Thread 0x00000157fef6d120 Exception <a 'sun/nio/fs/WindowsException'{0x0000000099f9a1e0}> (0x0000000099f9a1e0) 
thrown [s\open\src\hotspot\share\prims\jni.cpp, line 516]
Event: 1628.811 Thread 0x00000157fef6d120 Exception <a 'sun/nio/fs/WindowsException'{0x0000000099f9a588}> (0x0000000099f9a588) 
thrown [s\open\src\hotspot\share\prims\jni.cpp, line 516]
Event: 1629.882 Thread 0x0000015787f20890 Exception <a 'sun/nio/fs/WindowsException'{0x00000000998728e0}> (0x00000000998728e0) 
thrown [s\open\src\hotspot\share\prims\jni.cpp, line 516]
Event: 1629.883 Thread 0x0000015787f20890 Exception <a 'sun/nio/fs/WindowsException'{0x0000000099874af8}> (0x0000000099874af8) 
thrown [s\open\src\hotspot\share\prims\jni.cpp, line 516]
Event: 1629.883 Thread 0x0000015787f20890 Exception <a 'sun/nio/fs/WindowsException'{0x0000000099876e98}> (0x0000000099876e98) 
thrown [s\open\src\hotspot\share\prims\jni.cpp, line 516]
Event: 1629.883 Thread 0x0000015787f20890 Exception <a 'sun/nio/fs/WindowsException'{0x0000000099878c98}> (0x0000000099878c98) 
thrown [s\open\src\hotspot\share\prims\jni.cpp, line 516]
Event: 1629.886 Thread 0x0000015787f20890 Exception <a 'sun/nio/fs/WindowsException'{0x00000000998843f0}> (0x00000000998843f0) 
thrown [s\open\src\hotspot\share\prims\jni.cpp, line 516]
Event: 1629.963 Thread 0x0000015787f226f0 Exception <a 'sun/nio/fs/WindowsException'{0x000000009951e588}> (0x000000009951e588) 
thrown [s\open\src\hotspot\share\prims\jni.cpp, line 516]
Event: 1629.963 Thread 0x0000015787f226f0 Exception <a 'sun/nio/fs/WindowsException'{0x0000000099520840}> (0x0000000099520840) 
thrown [s\open\src\hotspot\share\prims\jni.cpp, line 516]
Event: 1629.964 Thread 0x0000015787f226f0 Exception <a 'sun/nio/fs/WindowsException'{0x0000000099522a58}> (0x0000000099522a58) 
thrown [s\open\src\hotspot\share\prims\jni.cpp, line 516]
Event: 1629.966 Thread 0x0000015787f226f0 Exception <a 'sun/nio/fs/WindowsException'{0x00000000995248e8}> (0x00000000995248e8) 
thrown [s\open\src\hotspot\share\prims\jni.cpp, line 516]
Event: 1630.710 Thread 0x0000015787f20890 Exception <a 'sun/nio/fs/WindowsException'{0x00000000997580e8}> (0x00000000997580e8) 
thrown [s\open\src\hotspot\share\prims\jni.cpp, line 516]
Event: 1630.711 Thread 0x0000015787f20890 Exception <a 'sun/nio/fs/WindowsException'{0x000000009975a458}> (0x000000009975a458) 
thrown [s\open\src\hotspot\share\prims\jni.cpp, line 516]
Event: 1630.711 Thread 0x0000015787f20890 Exception <a 'sun/nio/fs/WindowsException'{0x000000009975c748}> (0x000000009975c748) 
thrown [s\open\src\hotspot\share\prims\jni.cpp, line 516]
Event: 1630.712 Thread 0x0000015787f20890 Exception <a 'sun/nio/fs/WindowsException'{0x000000009975e660}> (0x000000009975e660) 
thrown [s\open\src\hotspot\share\prims\jni.cpp, line 516]
Event: 1630.871 Thread 0x00000157fef6d120 Exception <a 'sun/nio/fs/WindowsException'{0x0000000099a732b0}> (0x0000000099a732b0) 
thrown [s\open\src\hotspot\share\prims\jni.cpp, line 516]
Event: 1631.532 Thread 0x00000157fef6d120 Exception <a 'sun/nio/fs/WindowsException'{0x000000009a168d40}> (0x000000009a168d40) 
thrown [s\open\src\hotspot\share\prims\jni.cpp, line 516]

VM Operations (20 events):
Event: 1631.514 Executing VM operation: G1CollectForAllocation done
Event: 1632.135 Executing VM operation: G1CollectForAllocation
Event: 1632.146 Executing VM operation: G1CollectForAllocation done
Event: 1632.848 Executing VM operation: G1CollectForAllocation
Event: 1632.962 Executing VM operation: G1CollectForAllocation done
Event: 1632.966 Executing VM operation: HandshakeAllThreads
Event: 1632.967 Executing VM operation: HandshakeAllThreads done
Event: 1633.442 Executing VM operation: G1CollectForAllocation
Event: 1633.454 Executing VM operation: G1CollectForAllocation done
Event: 1633.484 Executing VM operation: HandshakeAllThreads
Event: 1633.485 Executing VM operation: HandshakeAllThreads done
Event: 1633.956 Executing VM operation: G1CollectForAllocation
Event: 1633.970 Executing VM operation: G1CollectForAllocation done
Event: 1634.378 Executing VM operation: G1CollectForAllocation
Event: 1634.389 Executing VM operation: G1CollectForAllocation done
Event: 1634.533 Executing VM operation: HandshakeAllThreads
Event: 1634.534 Executing VM operation: HandshakeAllThreads done
Event: 1634.948 Executing VM operation: G1CollectForAllocation
Event: 1634.963 Executing VM operation: G1CollectForAllocation done
Event: 1634.978 Executing VM operation: G1Concurrent

Events (20 events):
Event: 1634.571 Thread 0x00000157e2bb8750 flushing nmethod 0x00000157ced1a510
Event: 1634.571 Thread 0x00000157e2bb8750 flushing nmethod 0x00000157ced1cb10
Event: 1634.571 Thread 0x00000157e2bb8750 flushing nmethod 0x00000157ced22010
Event: 1634.571 Thread 0x00000157e2bb8750 flushing nmethod 0x00000157ced22910
Event: 1634.571 Thread 0x00000157e2bb8750 flushing nmethod 0x00000157ced23010
Event: 1634.571 Thread 0x00000157e2bb8750 flushing nmethod 0x00000157ced23710
Event: 1634.571 Thread 0x00000157e2bb8750 flushing nmethod 0x00000157ced29010
Event: 1634.571 Thread 0x00000157e2bb8750 flushing nmethod 0x00000157ced2b310
Event: 1634.571 Thread 0x00000157e2bb8750 flushing nmethod 0x00000157ced30610
Event: 1634.571 Thread 0x00000157e2bb8750 flushing nmethod 0x00000157ced31490
Event: 1634.571 Thread 0x00000157e2bb8750 flushing nmethod 0x00000157ced36710
Event: 1634.571 Thread 0x00000157e2bb8750 flushing nmethod 0x00000157ced36a90
Event: 1634.571 Thread 0x00000157e2bb8750 flushing nmethod 0x00000157ced39010
Event: 1634.571 Thread 0x00000157e2bb8750 flushing nmethod 0x00000157cee2d390
Event: 1634.572 Thread 0x00000157e2bb8750 flushing nmethod 0x00000157cee4a990
Event: 1634.573 Thread 0x00000157e2bb8750 flushing nmethod 0x00000157cf06bc10
Event: 1634.573 Thread 0x00000157e2bb8750 flushing nmethod 0x00000157cf082790
Event: 1634.573 Thread 0x00000157e2bb8750 flushing nmethod 0x00000157cf0cfb10
Event: 1634.574 Thread 0x00000157e2bb8750 flushing nmethod 0x00000157cf25b410
Event: 1634.575 Thread 0x00000157e2bb8750 flushing nmethod 0x00000157cf29cb90


Dynamic libraries:
0x00007ff6f1d10000 - 0x00007ff6f1d20000 	C:\Program Files\Java\jdk-17\bin\java.exe
0x00007ffb885f0000 - 0x00007ffb887e8000 	C:\Windows\SYSTEM32\ntdll.dll
0x00007ffb86920000 - 0x00007ffb869e2000 	C:\Windows\System32\KERNEL32.DLL
0x00007ffb862e0000 - 0x00007ffb865d6000 	C:\Windows\System32\KERNELBASE.dll
0x00007ffb85c80000 - 0x00007ffb85d80000 	C:\Windows\System32\ucrtbase.dll
0x00007ffb80500000 - 0x00007ffb8051b000 	C:\Program Files\Java\jdk-17\bin\VCRUNTIME140.dll
0x00007ffb80520000 - 0x00007ffb80539000 	C:\Program Files\Java\jdk-17\bin\jli.dll
0x00007ffb87770000 - 0x00007ffb87821000 	C:\Windows\System32\ADVAPI32.dll
0x00007ffb88490000 - 0x00007ffb8852e000 	C:\Windows\System32\msvcrt.dll
0x00007ffb86880000 - 0x00007ffb8691f000 	C:\Windows\System32\sechost.dll
0x00007ffb86d90000 - 0x00007ffb86eb0000 	C:\Windows\System32\RPCRT4.dll
0x00007ffb86030000 - 0x00007ffb86057000 	C:\Windows\System32\bcrypt.dll
0x00007ffb88150000 - 0x00007ffb882f1000 	C:\Windows\System32\USER32.dll
0x00007ffb865e0000 - 0x00007ffb86602000 	C:\Windows\System32\win32u.dll
0x00007ffb71ef0000 - 0x00007ffb7218b000 	C:\Windows\WinSxS\amd64_microsoft.windows.common-controls_6595b64144ccf1df_6.0.19041.6456_none_60b8a6cb71f64256\COMCTL32.dll
0x00007ffb875d0000 - 0x00007ffb875fb000 	C:\Windows\System32\GDI32.dll
0x00007ffb861c0000 - 0x00007ffb862d9000 	C:\Windows\System32\gdi32full.dll
0x00007ffb85e10000 - 0x00007ffb85ead000 	C:\Windows\System32\msvcp_win.dll
0x00007ffb7b190000 - 0x00007ffb7b19a000 	C:\Windows\SYSTEM32\VERSION.dll
0x00007ffb869f0000 - 0x00007ffb86a1f000 	C:\Windows\System32\IMM32.DLL
0x00007ffb82d60000 - 0x00007ffb82d6c000 	C:\Program Files\Java\jdk-17\bin\vcruntime140_1.dll
0x00007ffb7f960000 - 0x00007ffb7f9ee000 	C:\Program Files\Java\jdk-17\bin\msvcp140.dll
0x00007ffb38b50000 - 0x00007ffb39730000 	C:\Program Files\Java\jdk-17\bin\server\jvm.dll
0x00007ffb876f0000 - 0x00007ffb876f8000 	C:\Windows\System32\PSAPI.DLL
0x00007ffb721a0000 - 0x00007ffb721c7000 	C:\Windows\SYSTEM32\WINMM.dll
0x00007ffb6b5d0000 - 0x00007ffb6b5d9000 	C:\Windows\SYSTEM32\WSOCK32.dll
0x00007ffb87700000 - 0x00007ffb8776b000 	C:\Windows\System32\WS2_32.dll
0x00007ffb84450000 - 0x00007ffb84462000 	C:\Windows\SYSTEM32\kernel.appcore.dll
0x00007ffb82980000 - 0x00007ffb8298a000 	C:\Program Files\Java\jdk-17\bin\jimage.dll
0x00007ffb721e0000 - 0x00007ffb723e1000 	C:\Windows\SYSTEM32\DBGHELP.DLL
0x00007ffb68d60000 - 0x00007ffb68d94000 	C:\Windows\SYSTEM32\dbgcore.DLL
0x00007ffb85d80000 - 0x00007ffb85e02000 	C:\Windows\System32\bcryptPrimitives.dll
0x00007ffb800d0000 - 0x00007ffb800de000 	C:\Program Files\Java\jdk-17\bin\instrument.dll
0x00007ffb80140000 - 0x00007ffb80165000 	C:\Program Files\Java\jdk-17\bin\java.dll
0x00007ffb57260000 - 0x00007ffb57337000 	C:\Program Files\Java\jdk-17\bin\jsvml.dll
0x00007ffb87930000 - 0x00007ffb880a0000 	C:\Windows\System32\SHELL32.dll
0x00007ffb83c60000 - 0x00007ffb84405000 	C:\Windows\SYSTEM32\windows.storage.dll
0x00007ffb86a20000 - 0x00007ffb86d74000 	C:\Windows\System32\combase.dll
0x00007ffb855d0000 - 0x00007ffb855fb000 	C:\Windows\SYSTEM32\Wldp.dll
0x00007ffb87330000 - 0x00007ffb873fd000 	C:\Windows\System32\OLEAUT32.dll
0x00007ffb880a0000 - 0x00007ffb8814d000 	C:\Windows\System32\SHCORE.dll
0x00007ffb86820000 - 0x00007ffb8687b000 	C:\Windows\System32\shlwapi.dll
0x00007ffb85bb0000 - 0x00007ffb85bd4000 	C:\Windows\SYSTEM32\profapi.dll
0x00007ffb7fb70000 - 0x00007ffb7fb88000 	C:\Program Files\Java\jdk-17\bin\zip.dll
0x00007ffb80100000 - 0x00007ffb80119000 	C:\Program Files\Java\jdk-17\bin\net.dll
0x00007ffb7edd0000 - 0x00007ffb7eeda000 	C:\Windows\SYSTEM32\WINHTTP.dll
0x00007ffb853b0000 - 0x00007ffb8541a000 	C:\Windows\system32\mswsock.dll
0x00007ffb7fb90000 - 0x00007ffb7fba6000 	C:\Program Files\Java\jdk-17\bin\nio.dll
0x00007ffb82290000 - 0x00007ffb822a0000 	C:\Program Files\Java\jdk-17\bin\verify.dll
0x00007ffb7f930000 - 0x00007ffb7f957000 	C:\Users\Kashif Ali\.gradle\native\1def1411415f61bf3af743bc5b6707747c0891f09f0c88961ee8f79bc544acac\windows-amd64\native-platform.dll
0x00007ffb6a1b0000 - 0x00007ffb6a227000 	C:\Users\Kashif Ali\.gradle\native\0.2.8\x86_64-windows-gnu\gradle-fileevents.dll
0x00007ffb82770000 - 0x00007ffb8277a000 	C:\Program Files\Java\jdk-17\bin\management.dll
0x00007ffb82600000 - 0x00007ffb8260b000 	C:\Program Files\Java\jdk-17\bin\management_ext.dll
0x00007ffb85060000 - 0x00007ffb8509b000 	C:\Windows\SYSTEM32\IPHLPAPI.DLL
0x00007ffb86d80000 - 0x00007ffb86d88000 	C:\Windows\System32\NSI.dll
0x00007ffb7eee0000 - 0x00007ffb7eef7000 	C:\Windows\SYSTEM32\dhcpcsvc6.DLL
0x00007ffb7ecf0000 - 0x00007ffb7ed0d000 	C:\Windows\SYSTEM32\dhcpcsvc.DLL
0x00007ffb850b0000 - 0x00007ffb8517a000 	C:\Windows\SYSTEM32\DNSAPI.dll
0x00007ffb85610000 - 0x00007ffb85628000 	C:\Windows\SYSTEM32\CRYPTSP.dll
0x00007ffb84c80000 - 0x00007ffb84cb8000 	C:\Windows\system32\rsaenh.dll
0x00007ffb85b30000 - 0x00007ffb85b5e000 	C:\Windows\SYSTEM32\USERENV.dll
0x00007ffb85540000 - 0x00007ffb8554c000 	C:\Windows\SYSTEM32\CRYPTBASE.dll
0x00007ffb7fb60000 - 0x00007ffb7fb6e000 	C:\Program Files\Java\jdk-17\bin\sunmscapi.dll
0x00007ffb86060000 - 0x00007ffb861bd000 	C:\Windows\System32\CRYPT32.dll
0x00007ffb85720000 - 0x00007ffb85747000 	C:\Windows\SYSTEM32\ncrypt.dll
0x00007ffb856e0000 - 0x00007ffb8571b000 	C:\Windows\SYSTEM32\NTASN1.dll
0x00007ffb670b0000 - 0x00007ffb670b7000 	C:\Windows\system32\wshunix.dll
0x00007ffb82380000 - 0x00007ffb82414000 	C:\Windows\system32\apphelp.dll
0x00007ffb84ed0000 - 0x00007ffb84f03000 	C:\Windows\SYSTEM32\ntmarta.dll

dbghelp: loaded successfully - version: 4.0.5 - missing functions: none
symbol engine: initialized successfully - sym options: 0x614 - pdb path: .;C:\Program Files\Java\jdk-17\bin;C:\Windows\SYSTEM32;C:\Windows\WinSxS\amd64_microsoft.windows.common-controls_6595b64144ccf1df_6.0.19041.6456_none_60b8a6cb71f64256;C:\Program Files\Java\jdk-17\bin\server;C:\Users\Kashif Ali\.gradle\native\1def1411415f61bf3af743bc5b6707747c0891f09f0c88961ee8f79bc544acac\windows-amd64;C:\Users\Kashif Ali\.gradle\native\0.2.8\x86_64-windows-gnu

VM Arguments:
jvm_args: --add-opens=java.base/java.lang=ALL-UNNAMED --add-opens=java.base/java.lang.invoke=ALL-UNNAMED --add-opens=java.base/java.util=ALL-UNNAMED --add-opens=java.prefs/java.util.prefs=ALL-UNNAMED --add-exports=jdk.compiler/com.sun.tools.javac.api=ALL-UNNAMED --add-exports=jdk.compiler/com.sun.tools.javac.util=ALL-UNNAMED --add-opens=java.base/java.util=ALL-UNNAMED --add-opens=java.prefs/java.util.prefs=ALL-UNNAMED --add-opens=java.base/java.nio.charset=ALL-UNNAMED --add-opens=java.base/java.net=ALL-UNNAMED --add-opens=java.base/java.util.concurrent=ALL-UNNAMED --add-opens=java.base/java.util.concurrent.atomic=ALL-UNNAMED --add-opens=java.xml/javax.xml.namespace=ALL-UNNAMED -XX:MaxMetaspaceSize=512m -Xmx2048m -Dfile.encoding=windows-1252 -Duser.country=US -Duser.language=en -Duser.variant -javaagent:C:\Users\Kashif Ali\.gradle\wrapper\dists\gradle-9.0.0-bin\d6wjpkvcgsg3oed0qlfss3wgl\gradle-9.0.0\lib\agents\gradle-instrumentation-agent-9.0.0.jar 
java_command: org.gradle.launcher.daemon.bootstrap.GradleDaemon 9.0.0
java_class_path (initial): C:\Users\Kashif Ali\.gradle\wrapper\dists\gradle-9.0.0-bin\d6wjpkvcgsg3oed0qlfss3wgl\gradle-9.0.0\lib\gradle-daemon-main-9.0.0.jar
Launcher Type: SUN_STANDARD

[Global flags]
     intx CICompilerCount                          = 3                                         {product} {ergonomic}
   size_t CompressedClassSpaceSize                 = 436207616                                 {product} {ergonomic}
     uint ConcGCThreads                            = 1                                         {product} {ergonomic}
     uint G1ConcRefinementThreads                  = 4                                         {product} {ergonomic}
   size_t G1HeapRegionSize                         = 1048576                                   {product} {ergonomic}
    uintx GCDrainStackTargetSize                   = 64                                        {product} {ergonomic}
   size_t InitialHeapSize                          = 266338304                                 {product} {ergonomic}
   size_t MarkStackSize                            = 4194304                                   {product} {ergonomic}
   size_t MaxHeapSize                              = 2147483648                                {product} {command line}
   size_t MaxMetaspaceSize                         = 536870912                                 {product} {command line}
   size_t MaxNewSize                               = 1287651328                                {product} {ergonomic}
   size_t MinHeapDeltaBytes                        = 1048576                                   {product} {ergonomic}
   size_t MinHeapSize                              = 8388608                                   {product} {ergonomic}
    uintx NonNMethodCodeHeapSize                   = 5832780                                {pd product} {ergonomic}
    uintx NonProfiledCodeHeapSize                  = 122912730                              {pd product} {ergonomic}
    uintx ProfiledCodeHeapSize                     = 122912730                              {pd product} {ergonomic}
    uintx ReservedCodeCacheSize                    = 251658240                              {pd product} {ergonomic}
     bool SegmentedCodeCache                       = true                                      {product} {ergonomic}
   size_t SoftMaxHeapSize                          = 2147483648                             {manageable} {ergonomic}
     bool UseCompressedClassPointers               = true                           {product lp64_product} {ergonomic}
     bool UseCompressedOops                        = true                           {product lp64_product} {ergonomic}
     bool UseG1GC                                  = true                                      {product} {ergonomic}
     bool UseLargePagesIndividualAllocation        = false                                  {pd product} {ergonomic}

Logging:
Log output configuration:
 #0: stdout all=warning uptime,level,tags
 #1: stderr all=off uptime,level,tags

Environment Variables:
JAVA_HOME=C:\Program Files\Java\jdk-17
PATH=D:\HisabKaro\moblle\Hisab-Karo\node_modules\.bin;D:\HisabKaro\moblle\node_modules\.bin;D:\HisabKaro\node_modules\.bin;D:\node_modules\.bin;C:\Users\Kashif Ali\AppData\Roaming\nvm\v22.14.0\node_modules\npm\node_modules\@npmcli\run-script\lib\node-gyp-bin;c:\Users\Kashif Ali\AppData\Roaming\Code\User\globalStorage\github.copilot-chat\debugCommand;c:\Users\Kashif Ali\AppData\Roaming\Code\User\globalStorage\github.copilot-chat\copilotCli;C:\Andriod\cmdline-tools\latest\bin;C:\Andriod\platform-tools;C:\Program Files\Python38\Scripts\;C:\Program Files\Python38\;C:\Program Files\Common Files\Oracle\Java\javapath;C:\Program Files (x86)\Common Files\Oracle\Java\javapath;C:\Windows\system32;C:\Windows;C:\Windows\System32\Wbem;C:\Windows\System32\WindowsPowerShell\v1.0\;C:\Windows\System32\OpenSSH\;C:\Program Files\wkhtmltopdf\bin;C:\MinGW\bin;C:\Program Files\Git\cmd;C:\msys64\home\Kashif Ali\.local\share;C:\msys64\mingw64\bin;C:\msys64\ucrt64\share\;C:\msys64\usr\local\share\;C:\msys64\usr\share\;C:\msys64\mingw64\lib\pkgconfig;C:\Program Files\GTK3-Runtime Win64\bin;C:\ProgramData\chocolatey\bin;c:\Program Files (x86)\Intel\Intel(R) Management Engine Components\DAL;c:\Program Files\Intel\Intel(R) Management Engine Components\DAL;C:\Program Files\Redis\redis-server;C:\Program Files\Redis\redis-cli;C:\Program Files\Redis;C:\Program Files\PuTTY\;D:\xamp\php;D:\kafka\bin\windows;D:\flutter\flutter\bin;C:\Program Files\Microsoft SQL Server\150\Tools\Binn\;C:\Users\Kashif Ali\AppData\Roaming\nvm;C:\Program Files\nodejs;C:\Users\Kashif Ali\AppData\Local\Programs\Python\Python39-32\Scripts\;D:\qemu\;C:\Program Files\Docker\Docker\resources\bin;C:\Program Files\Go\bin;C:\Program Files\CMake\bin;C:\ProgramData\mingw64\mingw64\bin;C:\Program Files (x86)\Microsoft SQL Server\160\Tools\Binn\;C:\Program Files\Microsoft SQL Server\160\Tools\Binn\;C:\Program Files\Microsoft SQL Server\Client SDK\ODBC\170\Tools\Binn\;C:\Program Files\Microsoft SQL Server\170\Tools\Binn\;C:\Program Files\C
USERNAME=Kashif Ali
LANG=en_US.UTF-8
OS=Windows_NT
PROCESSOR_IDENTIFIER=Intel64 Family 6 Model 142 Stepping 9, GenuineIntel



---------------  S Y S T E M  ---------------

OS:
 Windows 10 , 64 bit Build 19041 (10.0.19041.5915)
OS uptime: 3 days 20:35 hours
Hyper-V role detected

CPU: total 4 (initial active 4) (2 cores per cpu, 2 threads per core) family 6 model 142 stepping 9 microcode 0xf0, cx8, cmov, fxsr, ht, mmx, 3dnowpref, sse, sse2, sse3, ssse3, sse4.1, sse4.2, popcnt, lzcnt, tsc, tscinvbit, avx, avx2, aes, erms, clmul, bmi1, bmi2, rtm, adx, fma, vzeroupper, clflush, clflushopt, hv

Memory: 4k page, system-wide physical 16218M (1114M free)
TotalPageFile size 23742M (AvailPageFile size 170M)
current process WorkingSet (physical memory assigned to process): 807M, peak: 810M
current process commit charge ("private bytes"): 851M, peak: 1039M

vm_info: Java HotSpot(TM) 64-Bit Server VM (17.0.12+8-LTS-286) for windows-amd64 JRE (17.0.12+8-LTS-286), built on Jun  5 2024 06:46:59 by "mach5one" with MS VC++ 17.6 (VS2022)

END.
