#
# There is insufficient memory for the Java Runtime Environment to continue.
# Native memory allocation (malloc) failed to allocate 2155312 bytes for Chunk::new
# Possible reasons:
#   The system is out of physical RAM or swap space
#   The process is running with CompressedOops enabled, and the Java Heap may be blocking the growth of the native heap
# Possible solutions:
#   Reduce memory load on the system
#   Increase physical memory or swap space
#   Check if swap backing store is full
#   Decrease Java heap size (-Xmx/-Xms)
#   Decrease number of Java threads
#   Decrease Java thread stack sizes (-Xss)
#   Set larger code cache with -XX:ReservedCodeCacheSize=
#   JVM is running with Unscaled Compressed Oops mode in which the Java heap is
#     placed in the first 4GB address space. The Java Heap base address is the
#     maximum limit for the native heap growth. Please use -XX:HeapBaseMinAddress
#     to set the Java Heap base and to place the Java Heap above 4GB virtual address.
# This output file may be truncated or incomplete.
#
#  Out of Memory Error (arena.cpp:189), pid=18748, tid=12484
#
# JRE version: Java(TM) SE Runtime Environment (17.0.12+8) (build 17.0.12+8-LTS-286)
# Java VM: Java HotSpot(TM) 64-Bit Server VM (17.0.12+8-LTS-286, mixed mode, sharing, tiered, compressed oops, compressed class ptrs, g1 gc, windows-amd64)
# No core dump will be written. Minidumps are not enabled by default on client versions of Windows
#

---------------  S U M M A R Y ------------

Command Line: --add-opens=java.base/java.lang=ALL-UNNAMED --add-opens=java.base/java.lang.invoke=ALL-UNNAMED --add-opens=java.base/java.util=ALL-UNNAMED --add-opens=java.prefs/java.util.prefs=ALL-UNNAMED --add-exports=jdk.compiler/com.sun.tools.javac.api=ALL-UNNAMED --add-exports=jdk.compiler/com.sun.tools.javac.util=ALL-UNNAMED --add-opens=java.base/java.util=ALL-UNNAMED --add-opens=java.prefs/java.util.prefs=ALL-UNNAMED --add-opens=java.base/java.nio.charset=ALL-UNNAMED --add-opens=java.base/java.net=ALL-UNNAMED --add-opens=java.base/java.util.concurrent=ALL-UNNAMED --add-opens=java.base/java.util.concurrent.atomic=ALL-UNNAMED --add-opens=java.xml/javax.xml.namespace=ALL-UNNAMED -XX:MaxMetaspaceSize=512m -Xmx2048m -Dfile.encoding=windows-1252 -Duser.country=US -Duser.language=en -Duser.variant -javaagent:C:\Users\Kashif Ali\.gradle\wrapper\dists\gradle-9.0.0-bin\d6wjpkvcgsg3oed0qlfss3wgl\gradle-9.0.0\lib\agents\gradle-instrumentation-agent-9.0.0.jar org.gradle.launcher.daemon.bootstrap.GradleDaemon 9.0.0

Host: Intel(R) Core(TM) i5-7300U CPU @ 2.60GHz, 4 cores, 15G,  Windows 10 , 64 bit Build 19041 (10.0.19041.5915)
Time: Sun Feb  1 22:33:12 2026 Pakistan Standard Time elapsed time: 41.534000 seconds (0d 0h 0m 41s)

---------------  T H R E A D  ---------------

Current thread (0x00000195ff97e950):  JavaThread "C2 CompilerThread0" daemon [_thread_in_native, id=12484, stack(0x0000003bc7200000,0x0000003bc7300000)]


Current CompileTask:
C2:  41534 11374   !   4       jdk.internal.loader.Resource::getBytes (244 bytes)

Stack: [0x0000003bc7200000,0x0000003bc7300000]
Native frames: (J=compiled Java code, j=interpreted, Vv=VM code, C=native code)
V  [jvm.dll+0x67a04a]
V  [jvm.dll+0x7da4ed]
V  [jvm.dll+0x7dbe33]
V  [jvm.dll+0x7dc4a3]
V  [jvm.dll+0x24508f]
V  [jvm.dll+0xab773]
V  [jvm.dll+0xabd3c]
V  [jvm.dll+0x361bee]
V  [jvm.dll+0x32c431]
V  [jvm.dll+0x32b8ca]
V  [jvm.dll+0x21683f]
V  [jvm.dll+0x215c6f]
V  [jvm.dll+0x1a2960]
V  [jvm.dll+0x22610b]
V  [jvm.dll+0x2242ab]
V  [jvm.dll+0x79075c]
V  [jvm.dll+0x78abea]
V  [jvm.dll+0x678f35]
C  [ucrtbase.dll+0x21bb2]
C  [KERNEL32.DLL+0x17374]
C  [ntdll.dll+0x4cc91]


---------------  P R O C E S S  ---------------

Threads class SMR info:
_java_thread_list=0x00000195bdd817b0, length=91, elements={
0x00000195fa7a2780, 0x00000195ff958d60, 0x00000195ff95ca10, 0x00000195ff970e00,
0x00000195ff972ae0, 0x00000195ff9733b0, 0x00000195ff975c90, 0x00000195ff97e950,
0x00000195ff983820, 0x00000195ff986140, 0x00000195ff943660, 0x0000019598aaea50,
0x00000195b9be1920, 0x00000195b9d06a00, 0x00000195b974a120, 0x00000195b99d8ac0,
0x00000195b993e9f0, 0x00000195b97917c0, 0x00000195b978fe70, 0x00000195b9791cd0,
0x00000195b978f450, 0x00000195b9790380, 0x00000195b978e520, 0x00000195b978ea30,
0x00000195b978ef40, 0x00000195b9790da0, 0x00000195b978f960, 0x00000195b9790890,
0x00000195bb146930, 0x00000195bb141320, 0x00000195bb148790, 0x00000195bb141d40,
0x00000195bb148280, 0x00000195bb147350, 0x00000195bb141830, 0x00000195bb143ba0,
0x00000195bb1440b0, 0x00000195bb147d70, 0x00000195bb147860, 0x00000195bb1445c0,
0x00000195bb144fe0, 0x00000195bb143690, 0x00000195bb142250, 0x00000195bb142c70,
0x00000195bb146420, 0x00000195bb145f10, 0x00000195bb143180, 0x00000195bb146e40,
0x00000195b97912b0, 0x00000195bb019600, 0x00000195bb014500, 0x00000195bb014a10,
0x00000195bb015940, 0x00000195bb01a020, 0x00000195bb015e50, 0x00000195bb016d80,
0x00000195bb0190f0, 0x00000195bb012bb0, 0x00000195bb016360, 0x00000195bb0181c0,
0x00000195bb017290, 0x00000195bb0177a0, 0x00000195bb01a530, 0x00000195bb0130c0,
0x00000195bb014f20, 0x00000195bb0135d0, 0x00000195bb013ae0, 0x00000195bb013ff0,
0x00000195bb017cb0, 0x00000195bb0186d0, 0x00000195bc66e000, 0x00000195bc66a340,
0x00000195bc66c1a0, 0x00000195bc669410, 0x00000195bc66ad60, 0x00000195bc66f440,
0x00000195bc669920, 0x00000195bc66fe60, 0x00000195bc670370, 0x00000195bc66b780,
0x00000195bc66d0d0, 0x00000195bc66e510, 0x00000195bc66f950, 0x00000195bc66a850,
0x00000195bc66bc90, 0x00000195bc669e30, 0x00000195bc66b270, 0x00000195bc66c6b0,
0x00000195bc66cbc0, 0x00000195bc66d5e0, 0x00000195bc66ea20
}

Java Threads: ( => current thread )
  0x00000195fa7a2780 JavaThread "main" [_thread_blocked, id=9052, stack(0x0000003bc6500000,0x0000003bc6600000)]
  0x00000195ff958d60 JavaThread "Reference Handler" daemon [_thread_blocked, id=18652, stack(0x0000003bc6c00000,0x0000003bc6d00000)]
  0x00000195ff95ca10 JavaThread "Finalizer" daemon [_thread_blocked, id=18560, stack(0x0000003bc6d00000,0x0000003bc6e00000)]
  0x00000195ff970e00 JavaThread "Signal Dispatcher" daemon [_thread_blocked, id=18528, stack(0x0000003bc6e00000,0x0000003bc6f00000)]
  0x00000195ff972ae0 JavaThread "Attach Listener" daemon [_thread_blocked, id=19016, stack(0x0000003bc6f00000,0x0000003bc7000000)]
  0x00000195ff9733b0 JavaThread "Service Thread" daemon [_thread_blocked, id=2624, stack(0x0000003bc7000000,0x0000003bc7100000)]
  0x00000195ff975c90 JavaThread "Monitor Deflation Thread" daemon [_thread_blocked, id=3640, stack(0x0000003bc7100000,0x0000003bc7200000)]
=>0x00000195ff97e950 JavaThread "C2 CompilerThread0" daemon [_thread_in_native, id=12484, stack(0x0000003bc7200000,0x0000003bc7300000)]
  0x00000195ff983820 JavaThread "C1 CompilerThread0" daemon [_thread_blocked, id=18884, stack(0x0000003bc7300000,0x0000003bc7400000)]
  0x00000195ff986140 JavaThread "Sweeper thread" daemon [_thread_blocked, id=9140, stack(0x0000003bc7400000,0x0000003bc7500000)]
  0x00000195ff943660 JavaThread "Common-Cleaner" daemon [_thread_blocked, id=13272, stack(0x0000003bc7500000,0x0000003bc7600000)]
  0x0000019598aaea50 JavaThread "Notification Thread" daemon [_thread_blocked, id=1520, stack(0x0000003bc7600000,0x0000003bc7700000)]
  0x00000195b9be1920 JavaThread "Daemon health stats" [_thread_blocked, id=19024, stack(0x0000003bc7c00000,0x0000003bc7d00000)]
  0x00000195b9d06a00 JavaThread "Incoming local TCP Connector on port 57887" [_thread_in_native, id=9416, stack(0x0000003bc7b00000,0x0000003bc7c00000)]
  0x00000195b974a120 JavaThread "Daemon periodic checks" [_thread_blocked, id=18764, stack(0x0000003bc7d00000,0x0000003bc7e00000)]
  0x00000195b99d8ac0 JavaThread "Daemon" [_thread_blocked, id=19032, stack(0x0000003bc7e00000,0x0000003bc7f00000)]
  0x00000195b993e9f0 JavaThread "Handler for socket connection from /127.0.0.1:57887 to /127.0.0.1:57888" [_thread_in_native, id=10040, stack(0x0000003bc7f00000,0x0000003bc8000000)]
  0x00000195b97917c0 JavaThread "Cancel handler" [_thread_blocked, id=18504, stack(0x0000003bc8000000,0x0000003bc8100000)]
  0x00000195b978fe70 JavaThread "Daemon worker" [_thread_in_Java, id=9268, stack(0x0000003bc8100000,0x0000003bc8200000)]
  0x00000195b9791cd0 JavaThread "Asynchronous log dispatcher for DefaultDaemonConnection: socket connection from /127.0.0.1:57887 to /127.0.0.1:57888" [_thread_blocked, id=12268, stack(0x0000003bc8200000,0x0000003bc8300000)]
  0x00000195b978f450 JavaThread "Stdin handler" [_thread_blocked, id=10896, stack(0x0000003bc8300000,0x0000003bc8400000)]
  0x00000195b9790380 JavaThread "Daemon client event forwarder" [_thread_blocked, id=18644, stack(0x0000003bc8400000,0x0000003bc8500000)]
  0x00000195b978e520 JavaThread "Cache worker for journal cache (C:\Users\Kashif Ali\.gradle\caches\journal-1)" [_thread_blocked, id=17900, stack(0x0000003bc8500000,0x0000003bc8600000)]
  0x00000195b978ea30 JavaThread "File lock request listener" [_thread_in_native, id=18848, stack(0x0000003bc8600000,0x0000003bc8700000)]
  0x00000195b978ef40 JavaThread "Cache worker for file hash cache (C:\Users\Kashif Ali\.gradle\caches\9.0.0\fileHashes)" [_thread_blocked, id=18000, stack(0x0000003bc8700000,0x0000003bc8800000)]
  0x00000195b9790da0 JavaThread "Cache worker for file hash cache (D:\HisabKaro\moblle\Hisab-Karo\android\.gradle\9.0.0\fileHashes)" [_thread_blocked, id=18784, stack(0x0000003bc8900000,0x0000003bc8a00000)]
  0x00000195b978f960 JavaThread "Cache worker for Build Output Cleanup Cache (D:\HisabKaro\moblle\Hisab-Karo\android\.gradle\buildOutputCleanup)" [_thread_blocked, id=19216, stack(0x0000003bc8a00000,0x0000003bc8b00000)]
  0x00000195b9790890 JavaThread "File watcher server" daemon [_thread_in_native, id=5324, stack(0x0000003bc8b00000,0x0000003bc8c00000)]
  0x00000195bb146930 JavaThread "File watcher consumer" daemon [_thread_blocked, id=11680, stack(0x0000003bc8c00000,0x0000003bc8d00000)]
  0x00000195bb141320 JavaThread "Cache worker for checksums cache (D:\HisabKaro\moblle\Hisab-Karo\android\.gradle\9.0.0\checksums)" [_thread_blocked, id=5208, stack(0x0000003bc8d00000,0x0000003bc8e00000)]
  0x00000195bb148790 JavaThread "Cache worker for file content cache (C:\Users\Kashif Ali\.gradle\caches\9.0.0\fileContent)" [_thread_blocked, id=18900, stack(0x0000003bc8e00000,0x0000003bc8f00000)]
  0x00000195bb141d40 JavaThread "Cache worker for cache directory md-supplier (C:\Users\Kashif Ali\.gradle\caches\9.0.0\md-supplier)" [_thread_blocked, id=18448, stack(0x0000003bc9000000,0x0000003bc9100000)]
  0x00000195bb148280 JavaThread "Cache worker for cache directory md-rule (C:\Users\Kashif Ali\.gradle\caches\9.0.0\md-rule)" [_thread_blocked, id=16220, stack(0x0000003bc9100000,0x0000003bc9200000)]
  0x00000195bb147350 JavaThread "jar transforms" [_thread_blocked, id=18452, stack(0x0000003bc9200000,0x0000003bc9300000)]
  0x00000195bb141830 JavaThread "Cache worker for Build Output Cleanup Cache (D:\HisabKaro\moblle\Hisab-Karo\node_modules\@react-native\gradle-plugin\.gradle\buildOutputCleanup)" [_thread_blocked, id=10112, stack(0x0000003bc9300000,0x0000003bc9400000)]
  0x00000195bb143ba0 JavaThread "Unconstrained build operations" [_thread_blocked, id=11772, stack(0x0000003bc8800000,0x0000003bc8900000)]
  0x00000195bb1440b0 JavaThread "Unconstrained build operations Thread 2" [_thread_blocked, id=7232, stack(0x0000003bc9400000,0x0000003bc9500000)]
  0x00000195bb147d70 JavaThread "Unconstrained build operations Thread 3" [_thread_blocked, id=12080, stack(0x0000003bc9500000,0x0000003bc9600000)]
  0x00000195bb147860 JavaThread "Unconstrained build operations Thread 4" [_thread_blocked, id=15100, stack(0x0000003bc9600000,0x0000003bc9700000)]
  0x00000195bb1445c0 JavaThread "Unconstrained build operations Thread 5" [_thread_blocked, id=13600, stack(0x0000003bc9700000,0x0000003bc9800000)]
  0x00000195bb144fe0 JavaThread "Unconstrained build operations Thread 6" [_thread_blocked, id=12588, stack(0x0000003bc9800000,0x0000003bc9900000)]
  0x00000195bb143690 JavaThread "Unconstrained build operations Thread 7" [_thread_blocked, id=18680, stack(0x0000003bc9a00000,0x0000003bc9b00000)]
  0x00000195bb142250 JavaThread "Unconstrained build operations Thread 8" [_thread_blocked, id=19000, stack(0x0000003bc9b00000,0x0000003bc9c00000)]
  0x00000195bb142c70 JavaThread "Unconstrained build operations Thread 9" [_thread_blocked, id=5176, stack(0x0000003bc9c00000,0x0000003bc9d00000)]
  0x00000195bb146420 JavaThread "Unconstrained build operations Thread 10" [_thread_blocked, id=19028, stack(0x0000003bc9d00000,0x0000003bc9e00000)]
  0x00000195bb145f10 JavaThread "Unconstrained build operations Thread 11" [_thread_blocked, id=18032, stack(0x0000003bc9e00000,0x0000003bc9f00000)]
  0x00000195bb143180 JavaThread "Unconstrained build operations Thread 12" [_thread_blocked, id=14456, stack(0x0000003bc9f00000,0x0000003bca000000)]
  0x00000195bb146e40 JavaThread "Unconstrained build operations Thread 13" [_thread_blocked, id=12232, stack(0x0000003bca000000,0x0000003bca100000)]
  0x00000195b97912b0 JavaThread "Unconstrained build operations Thread 14" [_thread_blocked, id=19104, stack(0x0000003bca100000,0x0000003bca200000)]
  0x00000195bb019600 JavaThread "Unconstrained build operations Thread 15" [_thread_blocked, id=2044, stack(0x0000003bca200000,0x0000003bca300000)]
  0x00000195bb014500 JavaThread "build event listener" [_thread_blocked, id=5816, stack(0x0000003bca300000,0x0000003bca400000)]
  0x00000195bb014a10 JavaThread "Memory manager" [_thread_blocked, id=10128, stack(0x0000003bc9900000,0x0000003bc9a00000)]
  0x00000195bb015940 JavaThread "ForkJoinPool.commonPool-worker-1" daemon [_thread_blocked, id=18832, stack(0x0000003bca500000,0x0000003bca600000)]
  0x00000195bb01a020 JavaThread "ForkJoinPool.commonPool-worker-2" daemon [_thread_blocked, id=19384, stack(0x0000003bca600000,0x0000003bca700000)]
  0x00000195bb015e50 JavaThread "ForkJoinPool.commonPool-worker-3" daemon [_thread_blocked, id=19120, stack(0x0000003bca700000,0x0000003bca800000)]
  0x00000195bb016d80 JavaThread "Exec process" [_thread_blocked, id=5228, stack(0x0000003bca800000,0x0000003bca900000)]
  0x00000195bb0190f0 JavaThread "Exec process Thread 2" [_thread_blocked, id=1140, stack(0x0000003bca900000,0x0000003bcaa00000)]
  0x00000195bb012bb0 JavaThread "Exec process Thread 3" [_thread_blocked, id=14244, stack(0x0000003bcaa00000,0x0000003bcab00000)]
  0x00000195bb016360 JavaThread "included builds" [_thread_blocked, id=3208, stack(0x0000003bca400000,0x0000003bca500000)]
  0x00000195bb0181c0 JavaThread "Execution worker" [_thread_blocked, id=8712, stack(0x0000003bcab00000,0x0000003bcac00000)]
  0x00000195bb017290 JavaThread "Execution worker Thread 2" [_thread_blocked, id=9096, stack(0x0000003bcac00000,0x0000003bcad00000)]
  0x00000195bb0177a0 JavaThread "Execution worker Thread 3" [_thread_blocked, id=12592, stack(0x0000003bcad00000,0x0000003bcae00000)]
  0x00000195bb01a530 JavaThread "Cache worker for execution history cache (D:\HisabKaro\moblle\Hisab-Karo\node_modules\@react-native\gradle-plugin\.gradle\9.0.0\executionHistory)" [_thread_blocked, id=12488, stack(0x0000003bcae00000,0x0000003bcaf00000)]
  0x00000195bb0130c0 JavaThread "Unconstrained build operations Thread 16" [_thread_blocked, id=18616, stack(0x0000003bcaf00000,0x0000003bcb000000)]
  0x00000195bb014f20 JavaThread "Unconstrained build operations Thread 17" [_thread_blocked, id=18708, stack(0x0000003bcb000000,0x0000003bcb100000)]
  0x00000195bb0135d0 JavaThread "Unconstrained build operations Thread 18" [_thread_blocked, id=7980, stack(0x0000003bcb100000,0x0000003bcb200000)]
  0x00000195bb013ae0 JavaThread "Unconstrained build operations Thread 19" [_thread_blocked, id=19288, stack(0x0000003bcb200000,0x0000003bcb300000)]
  0x00000195bb013ff0 JavaThread "Unconstrained build operations Thread 20" [_thread_blocked, id=18728, stack(0x0000003bcb300000,0x0000003bcb400000)]
  0x00000195bb017cb0 JavaThread "Unconstrained build operations Thread 21" [_thread_blocked, id=15648, stack(0x0000003bcb400000,0x0000003bcb500000)]
  0x00000195bb0186d0 JavaThread "Unconstrained build operations Thread 22" [_thread_blocked, id=14840, stack(0x0000003bcb500000,0x0000003bcb600000)]
  0x00000195bc66e000 JavaThread "Unconstrained build operations Thread 23" [_thread_blocked, id=832, stack(0x0000003bcb600000,0x0000003bcb700000)]
  0x00000195bc66a340 JavaThread "Unconstrained build operations Thread 24" [_thread_blocked, id=8876, stack(0x0000003bcb700000,0x0000003bcb800000)]
  0x00000195bc66c1a0 JavaThread "Unconstrained build operations Thread 25" [_thread_blocked, id=11468, stack(0x0000003bcb800000,0x0000003bcb900000)]
  0x00000195bc669410 JavaThread "Unconstrained build operations Thread 26" [_thread_blocked, id=15956, stack(0x0000003bcb900000,0x0000003bcba00000)]
  0x00000195bc66ad60 JavaThread "Unconstrained build operations Thread 27" [_thread_blocked, id=10968, stack(0x0000003bcba00000,0x0000003bcbb00000)]
  0x00000195bc66f440 JavaThread "Unconstrained build operations Thread 28" [_thread_blocked, id=18656, stack(0x0000003bcbb00000,0x0000003bcbc00000)]
  0x00000195bc669920 JavaThread "Unconstrained build operations Thread 29" [_thread_blocked, id=11648, stack(0x0000003bcbc00000,0x0000003bcbd00000)]
  0x00000195bc66fe60 JavaThread "Unconstrained build operations Thread 30" [_thread_blocked, id=18548, stack(0x0000003bcbd00000,0x0000003bcbe00000)]
  0x00000195bc670370 JavaThread "Unconstrained build operations Thread 31" [_thread_blocked, id=18484, stack(0x0000003bcbe00000,0x0000003bcbf00000)]
  0x00000195bc66b780 JavaThread "Unconstrained build operations Thread 32" [_thread_blocked, id=18940, stack(0x0000003bcbf00000,0x0000003bcc000000)]
  0x00000195bc66d0d0 JavaThread "Unconstrained build operations Thread 33" [_thread_blocked, id=15172, stack(0x0000003bcc000000,0x0000003bcc100000)]
  0x00000195bc66e510 JavaThread "Unconstrained build operations Thread 34" [_thread_blocked, id=14000, stack(0x0000003bcc100000,0x0000003bcc200000)]
  0x00000195bc66f950 JavaThread "Unconstrained build operations Thread 35" [_thread_blocked, id=4012, stack(0x0000003bcc200000,0x0000003bcc300000)]
  0x00000195bc66a850 JavaThread "Unconstrained build operations Thread 36" [_thread_blocked, id=18824, stack(0x0000003bcc300000,0x0000003bcc400000)]
  0x00000195bc66bc90 JavaThread "Unconstrained build operations Thread 37" [_thread_blocked, id=1384, stack(0x0000003bcc400000,0x0000003bcc500000)]
  0x00000195bc669e30 JavaThread "jar transforms Thread 2" [_thread_blocked, id=15252, stack(0x0000003bcc500000,0x0000003bcc600000)]
  0x00000195bc66b270 JavaThread "jar transforms Thread 3" [_thread_blocked, id=8024, stack(0x0000003bc6400000,0x0000003bc6500000)]
  0x00000195bc66c6b0 JavaThread "Unconstrained build operations Thread 38" [_thread_blocked, id=7460, stack(0x0000003bcc700000,0x0000003bcc800000)]
  0x00000195bc66cbc0 JavaThread "Unconstrained build operations Thread 39" [_thread_blocked, id=7804, stack(0x0000003bcc800000,0x0000003bcc900000)]
  0x00000195bc66d5e0 JavaThread "Unconstrained build operations Thread 40" [_thread_blocked, id=10024, stack(0x0000003bcc900000,0x0000003bcca00000)]
  0x00000195bc66ea20 JavaThread "jar transforms Thread 4" [_thread_blocked, id=11084, stack(0x0000003bccc00000,0x0000003bccd00000)]

Other Threads:
  0x00000195ff955240 VMThread "VM Thread" [stack: 0x0000003bc6b00000,0x0000003bc6c00000] [id=18788]
  0x00000195fa81bd50 WatcherThread [stack: 0x0000003bc7700000,0x0000003bc7800000] [id=6440]
  0x00000195fa7fd960 GCTaskThread "GC Thread#0" [stack: 0x0000003bc6600000,0x0000003bc6700000] [id=18536]
  0x0000019598b88b80 GCTaskThread "GC Thread#1" [stack: 0x0000003bc7800000,0x0000003bc7900000] [id=8008]
  0x0000019598b606b0 GCTaskThread "GC Thread#2" [stack: 0x0000003bc7900000,0x0000003bc7a00000] [id=18540]
  0x0000019598b60970 GCTaskThread "GC Thread#3" [stack: 0x0000003bc7a00000,0x0000003bc7b00000] [id=19304]
  0x00000195fa810f80 ConcurrentGCThread "G1 Main Marker" [stack: 0x0000003bc6700000,0x0000003bc6800000] [id=9012]
  0x00000195fa8118a0 ConcurrentGCThread "G1 Conc#0" [stack: 0x0000003bc6800000,0x0000003bc6900000] [id=8060]
  0x00000195fa86d5d0 ConcurrentGCThread "G1 Refine#0" [stack: 0x0000003bc6900000,0x0000003bc6a00000] [id=19180]
  0x00000195bab49580 ConcurrentGCThread "G1 Refine#1" [stack: 0x0000003bc8f00000,0x0000003bc9000000] [id=12636]
  0x00000195fa86df10 ConcurrentGCThread "G1 Service" [stack: 0x0000003bc6a00000,0x0000003bc6b00000] [id=14208]

Threads with active compile tasks:
C2 CompilerThread0    41618 11374   !   4       jdk.internal.loader.Resource::getBytes (244 bytes)

VM state: not at safepoint (normal execution)

VM Mutex/Monitor currently owned by a thread: None

Heap address: 0x0000000080000000, size: 2048 MB, Compressed Oops mode: 32-bit

CDS archive(s) mapped at: [0x0000019599000000-0x0000019599bd0000-0x0000019599bd0000), size 12386304, SharedBaseAddress: 0x0000019599000000, ArchiveRelocationMode: 1.
Compressed class space mapped at: 0x000001959a000000-0x00000195b4000000, reserved size: 436207616
Narrow klass base: 0x0000019599000000, Narrow klass shift: 0, Narrow klass range: 0x100000000

GC Precious Log:
 CPUs: 4 total, 4 available
 Memory: 16218M
 Large Page Support: Disabled
 NUMA Support: Disabled
 Compressed Oops: Enabled (32-bit)
 Heap Region Size: 1M
 Heap Min Capacity: 8M
 Heap Initial Capacity: 254M
 Heap Max Capacity: 2G
 Pre-touch: Disabled
 Parallel Workers: 4
 Concurrent Workers: 1
 Concurrent Refinement Workers: 4
 Periodic GC: Disabled

Heap:
 garbage-first heap   total 344064K, used 217696K [0x0000000080000000, 0x0000000100000000)
  region size 1024K, 127 young (130048K), 4 survivors (4096K)
 Metaspace       used 78819K, committed 79936K, reserved 557056K
  class space    used 11141K, committed 11648K, reserved 425984K

Heap Regions: E=young(eden), S=young(survivor), O=old, HS=humongous(starts), HC=humongous(continues), CS=collection set, F=free, OA=open archive, CA=closed archive, TAMS=top-at-mark-start (previous, next)
|   0|0x0000000080000000, 0x0000000080100000, 0x0000000080100000|100%|HS|  |TAMS 0x0000000080100000, 0x0000000080000000| Complete 
|   1|0x0000000080100000, 0x0000000080200000, 0x0000000080200000|100%|HC|  |TAMS 0x0000000080200000, 0x0000000080100000| Complete 
|   2|0x0000000080200000, 0x0000000080300000, 0x0000000080300000|100%|HC|  |TAMS 0x0000000080300000, 0x0000000080200000| Complete 
|   3|0x0000000080300000, 0x0000000080400000, 0x0000000080400000|100%| O|  |TAMS 0x0000000080400000, 0x0000000080300000| Untracked 
|   4|0x0000000080400000, 0x0000000080500000, 0x0000000080500000|100%| O|  |TAMS 0x0000000080500000, 0x0000000080400000| Untracked 
|   5|0x0000000080500000, 0x0000000080600000, 0x0000000080600000|100%| O|  |TAMS 0x0000000080600000, 0x0000000080500000| Untracked 
|   6|0x0000000080600000, 0x0000000080700000, 0x0000000080700000|100%| O|  |TAMS 0x0000000080700000, 0x0000000080600000| Untracked 
|   7|0x0000000080700000, 0x0000000080800000, 0x0000000080800000|100%|HS|  |TAMS 0x0000000080800000, 0x0000000080700000| Complete 
|   8|0x0000000080800000, 0x0000000080900000, 0x0000000080900000|100%| O|  |TAMS 0x0000000080900000, 0x0000000080800000| Untracked 
|   9|0x0000000080900000, 0x0000000080a00000, 0x0000000080a00000|100%| O|  |TAMS 0x0000000080a00000, 0x0000000080900000| Untracked 
|  10|0x0000000080a00000, 0x0000000080b00000, 0x0000000080b00000|100%| O|  |TAMS 0x0000000080b00000, 0x0000000080a00000| Untracked 
|  11|0x0000000080b00000, 0x0000000080c00000, 0x0000000080c00000|100%| O|  |TAMS 0x0000000080c00000, 0x0000000080b00000| Untracked 
|  12|0x0000000080c00000, 0x0000000080d00000, 0x0000000080d00000|100%| O|  |TAMS 0x0000000080d00000, 0x0000000080c00000| Untracked 
|  13|0x0000000080d00000, 0x0000000080e00000, 0x0000000080e00000|100%| O|  |TAMS 0x0000000080e00000, 0x0000000080d00000| Untracked 
|  14|0x0000000080e00000, 0x0000000080f00000, 0x0000000080f00000|100%| O|  |TAMS 0x0000000080f00000, 0x0000000080e00000| Untracked 
|  15|0x0000000080f00000, 0x0000000081000000, 0x0000000081000000|100%| O|  |TAMS 0x0000000081000000, 0x0000000080f00000| Untracked 
|  16|0x0000000081000000, 0x0000000081100000, 0x0000000081100000|100%| O|  |TAMS 0x0000000081100000, 0x0000000081000000| Untracked 
|  17|0x0000000081100000, 0x0000000081200000, 0x0000000081200000|100%| O|  |TAMS 0x0000000081200000, 0x0000000081100000| Untracked 
|  18|0x0000000081200000, 0x0000000081300000, 0x0000000081300000|100%| O|  |TAMS 0x0000000081300000, 0x0000000081200000| Untracked 
|  19|0x0000000081300000, 0x0000000081400000, 0x0000000081400000|100%| O|  |TAMS 0x0000000081400000, 0x0000000081300000| Untracked 
|  20|0x0000000081400000, 0x0000000081500000, 0x0000000081500000|100%| O|  |TAMS 0x0000000081500000, 0x0000000081400000| Untracked 
|  21|0x0000000081500000, 0x0000000081600000, 0x0000000081600000|100%| O|  |TAMS 0x0000000081600000, 0x0000000081500000| Untracked 
|  22|0x0000000081600000, 0x0000000081700000, 0x0000000081700000|100%| O|  |TAMS 0x0000000081700000, 0x0000000081600000| Untracked 
|  23|0x0000000081700000, 0x0000000081800000, 0x0000000081800000|100%| O|  |TAMS 0x0000000081800000, 0x0000000081700000| Untracked 
|  24|0x0000000081800000, 0x0000000081900000, 0x0000000081900000|100%| O|  |TAMS 0x0000000081900000, 0x0000000081800000| Untracked 
|  25|0x0000000081900000, 0x0000000081a00000, 0x0000000081a00000|100%| O|  |TAMS 0x0000000081a00000, 0x0000000081900000| Untracked 
|  26|0x0000000081a00000, 0x0000000081b00000, 0x0000000081b00000|100%| O|  |TAMS 0x0000000081b00000, 0x0000000081a00000| Untracked 
|  27|0x0000000081b00000, 0x0000000081c00000, 0x0000000081c00000|100%| O|  |TAMS 0x0000000081c00000, 0x0000000081b00000| Untracked 
|  28|0x0000000081c00000, 0x0000000081d00000, 0x0000000081d00000|100%| O|  |TAMS 0x0000000081d00000, 0x0000000081c00000| Untracked 
|  29|0x0000000081d00000, 0x0000000081e00000, 0x0000000081e00000|100%| O|  |TAMS 0x0000000081e00000, 0x0000000081d00000| Untracked 
|  30|0x0000000081e00000, 0x0000000081f00000, 0x0000000081f00000|100%| O|  |TAMS 0x0000000081f00000, 0x0000000081e00000| Untracked 
|  31|0x0000000081f00000, 0x0000000082000000, 0x0000000082000000|100%| O|  |TAMS 0x0000000082000000, 0x0000000081f00000| Untracked 
|  32|0x0000000082000000, 0x0000000082100000, 0x0000000082100000|100%| O|  |TAMS 0x0000000082100000, 0x0000000082000000| Untracked 
|  33|0x0000000082100000, 0x0000000082200000, 0x0000000082200000|100%| O|  |TAMS 0x0000000082200000, 0x0000000082100000| Untracked 
|  34|0x0000000082200000, 0x0000000082300000, 0x0000000082300000|100%|HS|  |TAMS 0x0000000082300000, 0x0000000082200000| Complete 
|  35|0x0000000082300000, 0x0000000082400000, 0x0000000082400000|100%|HC|  |TAMS 0x0000000082400000, 0x0000000082300000| Complete 
|  36|0x0000000082400000, 0x0000000082500000, 0x0000000082500000|100%|HC|  |TAMS 0x0000000082500000, 0x0000000082400000| Complete 
|  37|0x0000000082500000, 0x0000000082600000, 0x0000000082600000|100%| O|  |TAMS 0x0000000082600000, 0x0000000082500000| Untracked 
|  38|0x0000000082600000, 0x0000000082700000, 0x0000000082700000|100%| O|  |TAMS 0x0000000082700000, 0x0000000082600000| Untracked 
|  39|0x0000000082700000, 0x0000000082800000, 0x0000000082800000|100%| O|  |TAMS 0x0000000082800000, 0x0000000082700000| Untracked 
|  40|0x0000000082800000, 0x0000000082900000, 0x0000000082900000|100%| O|  |TAMS 0x0000000082900000, 0x0000000082800000| Untracked 
|  41|0x0000000082900000, 0x0000000082a00000, 0x0000000082a00000|100%| O|  |TAMS 0x0000000082a00000, 0x0000000082900000| Untracked 
|  42|0x0000000082a00000, 0x0000000082b00000, 0x0000000082b00000|100%|HS|  |TAMS 0x0000000082a00000, 0x0000000082a00000| Complete 
|  43|0x0000000082b00000, 0x0000000082c00000, 0x0000000082c00000|100%|HS|  |TAMS 0x0000000082b00000, 0x0000000082b00000| Complete 
|  44|0x0000000082c00000, 0x0000000082d00000, 0x0000000082d00000|100%| O|  |TAMS 0x0000000082d00000, 0x0000000082c00000| Untracked 
|  45|0x0000000082d00000, 0x0000000082e00000, 0x0000000082e00000|100%|HS|  |TAMS 0x0000000082e00000, 0x0000000082d00000| Complete 
|  46|0x0000000082e00000, 0x0000000082f00000, 0x0000000082f00000|100%|HC|  |TAMS 0x0000000082f00000, 0x0000000082e00000| Complete 
|  47|0x0000000082f00000, 0x0000000083000000, 0x0000000083000000|100%|HC|  |TAMS 0x0000000083000000, 0x0000000082f00000| Complete 
|  48|0x0000000083000000, 0x0000000083100000, 0x0000000083100000|100%| O|  |TAMS 0x0000000083100000, 0x0000000083000000| Untracked 
|  49|0x0000000083100000, 0x0000000083200000, 0x0000000083200000|100%| O|  |TAMS 0x0000000083200000, 0x0000000083100000| Untracked 
|  50|0x0000000083200000, 0x0000000083300000, 0x0000000083300000|100%| O|  |TAMS 0x0000000083300000, 0x0000000083200000| Untracked 
|  51|0x0000000083300000, 0x0000000083400000, 0x0000000083400000|100%| O|  |TAMS 0x0000000083400000, 0x0000000083300000| Untracked 
|  52|0x0000000083400000, 0x0000000083500000, 0x0000000083500000|100%| O|  |TAMS 0x0000000083500000, 0x0000000083400000| Untracked 
|  53|0x0000000083500000, 0x0000000083600000, 0x0000000083600000|100%| O|  |TAMS 0x0000000083600000, 0x0000000083500000| Untracked 
|  54|0x0000000083600000, 0x0000000083700000, 0x0000000083700000|100%| O|  |TAMS 0x0000000083700000, 0x0000000083600000| Untracked 
|  55|0x0000000083700000, 0x0000000083800000, 0x0000000083800000|100%| O|  |TAMS 0x0000000083800000, 0x0000000083700000| Untracked 
|  56|0x0000000083800000, 0x0000000083900000, 0x0000000083900000|100%| O|  |TAMS 0x0000000083900000, 0x0000000083800000| Untracked 
|  57|0x0000000083900000, 0x0000000083a00000, 0x0000000083a00000|100%| O|  |TAMS 0x0000000083a00000, 0x0000000083900000| Untracked 
|  58|0x0000000083a00000, 0x0000000083b00000, 0x0000000083b00000|100%| O|  |TAMS 0x0000000083b00000, 0x0000000083a00000| Untracked 
|  59|0x0000000083b00000, 0x0000000083c00000, 0x0000000083c00000|100%| O|  |TAMS 0x0000000083c00000, 0x0000000083b00000| Untracked 
|  60|0x0000000083c00000, 0x0000000083d00000, 0x0000000083d00000|100%| O|  |TAMS 0x0000000083d00000, 0x0000000083c00000| Untracked 
|  61|0x0000000083d00000, 0x0000000083e00000, 0x0000000083e00000|100%| O|  |TAMS 0x0000000083d0c000, 0x0000000083d00000| Untracked 
|  62|0x0000000083e00000, 0x0000000083f00000, 0x0000000083f00000|100%| O|  |TAMS 0x0000000083e00000, 0x0000000083e00000| Untracked 
|  63|0x0000000083f00000, 0x0000000084000000, 0x0000000084000000|100%| O|  |TAMS 0x0000000083f00000, 0x0000000083f00000| Untracked 
|  64|0x0000000084000000, 0x0000000084100000, 0x0000000084100000|100%| O|  |TAMS 0x0000000084000000, 0x0000000084000000| Untracked 
|  65|0x0000000084100000, 0x0000000084200000, 0x0000000084200000|100%| O|  |TAMS 0x0000000084100000, 0x0000000084100000| Untracked 
|  66|0x0000000084200000, 0x0000000084300000, 0x0000000084300000|100%| O|  |TAMS 0x0000000084200000, 0x0000000084200000| Untracked 
|  67|0x0000000084300000, 0x0000000084400000, 0x0000000084400000|100%| O|  |TAMS 0x0000000084300000, 0x0000000084300000| Untracked 
|  68|0x0000000084400000, 0x0000000084500000, 0x0000000084500000|100%| O|  |TAMS 0x0000000084400000, 0x0000000084400000| Untracked 
|  69|0x0000000084500000, 0x0000000084600000, 0x0000000084600000|100%| O|  |TAMS 0x0000000084500000, 0x0000000084500000| Untracked 
|  70|0x0000000084600000, 0x0000000084700000, 0x0000000084700000|100%| O|  |TAMS 0x0000000084600000, 0x0000000084600000| Untracked 
|  71|0x0000000084700000, 0x0000000084800000, 0x0000000084800000|100%| O|  |TAMS 0x0000000084700000, 0x0000000084700000| Untracked 
|  72|0x0000000084800000, 0x0000000084900000, 0x0000000084900000|100%| O|  |TAMS 0x0000000084800000, 0x0000000084800000| Untracked 
|  73|0x0000000084900000, 0x0000000084a00000, 0x0000000084a00000|100%| O|  |TAMS 0x0000000084900000, 0x0000000084900000| Untracked 
|  74|0x0000000084a00000, 0x0000000084b00000, 0x0000000084b00000|100%| O|  |TAMS 0x0000000084a00000, 0x0000000084a00000| Untracked 
|  75|0x0000000084b00000, 0x0000000084c00000, 0x0000000084c00000|100%| O|  |TAMS 0x0000000084b00000, 0x0000000084b00000| Untracked 
|  76|0x0000000084c00000, 0x0000000084d00000, 0x0000000084d00000|100%| O|  |TAMS 0x0000000084c00000, 0x0000000084c00000| Untracked 
|  77|0x0000000084d00000, 0x0000000084dd3800, 0x0000000084e00000| 82%| O|  |TAMS 0x0000000084d00000, 0x0000000084d00000| Untracked 
|  78|0x0000000084e00000, 0x0000000084f00000, 0x0000000084f00000|100%|HS|  |TAMS 0x0000000084e00000, 0x0000000084e00000| Complete 
|  79|0x0000000084f00000, 0x0000000085000000, 0x0000000085000000|100%|HS|  |TAMS 0x0000000084f00000, 0x0000000084f00000| Complete 
|  80|0x0000000085000000, 0x0000000085100000, 0x0000000085100000|100%|HS|  |TAMS 0x0000000085000000, 0x0000000085000000| Complete 
|  81|0x0000000085100000, 0x0000000085200000, 0x0000000085200000|100%|HS|  |TAMS 0x0000000085100000, 0x0000000085100000| Complete 
|  82|0x0000000085200000, 0x0000000085300000, 0x0000000085300000|100%|HS|  |TAMS 0x0000000085200000, 0x0000000085200000| Complete 
|  83|0x0000000085300000, 0x0000000085400000, 0x0000000085400000|100%|HS|  |TAMS 0x0000000085300000, 0x0000000085300000| Complete 
|  84|0x0000000085400000, 0x0000000085500000, 0x0000000085500000|100%|HS|  |TAMS 0x0000000085400000, 0x0000000085400000| Complete 
|  85|0x0000000085500000, 0x0000000085600000, 0x0000000085600000|100%|HS|  |TAMS 0x0000000085500000, 0x0000000085500000| Complete 
|  86|0x0000000085600000, 0x0000000085700000, 0x0000000085700000|100%|HS|  |TAMS 0x0000000085600000, 0x0000000085600000| Complete 
|  87|0x0000000085700000, 0x0000000085800000, 0x0000000085800000|100%|HS|  |TAMS 0x0000000085700000, 0x0000000085700000| Complete 
|  88|0x0000000085800000, 0x0000000085800000, 0x0000000085900000|  0%| F|  |TAMS 0x0000000085800000, 0x0000000085800000| Untracked 
|  89|0x0000000085900000, 0x0000000085900000, 0x0000000085a00000|  0%| F|  |TAMS 0x0000000085900000, 0x0000000085900000| Untracked 
|  90|0x0000000085a00000, 0x0000000085a00000, 0x0000000085b00000|  0%| F|  |TAMS 0x0000000085a00000, 0x0000000085a00000| Untracked 
|  91|0x0000000085b00000, 0x0000000085b00000, 0x0000000085c00000|  0%| F|  |TAMS 0x0000000085b00000, 0x0000000085b00000| Untracked 
|  92|0x0000000085c00000, 0x0000000085c00000, 0x0000000085d00000|  0%| F|  |TAMS 0x0000000085c00000, 0x0000000085c00000| Untracked 
|  93|0x0000000085d00000, 0x0000000085d00000, 0x0000000085e00000|  0%| F|  |TAMS 0x0000000085d00000, 0x0000000085d00000| Untracked 
|  94|0x0000000085e00000, 0x0000000085e00000, 0x0000000085f00000|  0%| F|  |TAMS 0x0000000085e00000, 0x0000000085e00000| Untracked 
|  95|0x0000000085f00000, 0x0000000085f00000, 0x0000000086000000|  0%| F|  |TAMS 0x0000000085f00000, 0x0000000085f00000| Untracked 
|  96|0x0000000086000000, 0x0000000086000000, 0x0000000086100000|  0%| F|  |TAMS 0x0000000086000000, 0x0000000086000000| Untracked 
|  97|0x0000000086100000, 0x0000000086100000, 0x0000000086200000|  0%| F|  |TAMS 0x0000000086100000, 0x0000000086100000| Untracked 
|  98|0x0000000086200000, 0x0000000086200000, 0x0000000086300000|  0%| F|  |TAMS 0x0000000086200000, 0x0000000086200000| Untracked 
|  99|0x0000000086300000, 0x0000000086300000, 0x0000000086400000|  0%| F|  |TAMS 0x0000000086300000, 0x0000000086300000| Untracked 
| 100|0x0000000086400000, 0x0000000086400000, 0x0000000086500000|  0%| F|  |TAMS 0x0000000086400000, 0x0000000086400000| Untracked 
| 101|0x0000000086500000, 0x0000000086500000, 0x0000000086600000|  0%| F|  |TAMS 0x0000000086500000, 0x0000000086500000| Untracked 
| 102|0x0000000086600000, 0x0000000086600000, 0x0000000086700000|  0%| F|  |TAMS 0x0000000086600000, 0x0000000086600000| Untracked 
| 103|0x0000000086700000, 0x0000000086700000, 0x0000000086800000|  0%| F|  |TAMS 0x0000000086700000, 0x0000000086700000| Untracked 
| 104|0x0000000086800000, 0x0000000086800000, 0x0000000086900000|  0%| F|  |TAMS 0x0000000086800000, 0x0000000086800000| Untracked 
| 105|0x0000000086900000, 0x0000000086900000, 0x0000000086a00000|  0%| F|  |TAMS 0x0000000086900000, 0x0000000086900000| Untracked 
| 106|0x0000000086a00000, 0x0000000086a00000, 0x0000000086b00000|  0%| F|  |TAMS 0x0000000086a00000, 0x0000000086a00000| Untracked 
| 107|0x0000000086b00000, 0x0000000086b00000, 0x0000000086c00000|  0%| F|  |TAMS 0x0000000086b00000, 0x0000000086b00000| Untracked 
| 108|0x0000000086c00000, 0x0000000086c00000, 0x0000000086d00000|  0%| F|  |TAMS 0x0000000086c00000, 0x0000000086c00000| Untracked 
| 109|0x0000000086d00000, 0x0000000086d00000, 0x0000000086e00000|  0%| F|  |TAMS 0x0000000086d00000, 0x0000000086d00000| Untracked 
| 110|0x0000000086e00000, 0x0000000086ec4a40, 0x0000000086f00000| 76%| S|CS|TAMS 0x0000000086e00000, 0x0000000086e00000| Complete 
| 111|0x0000000086f00000, 0x0000000087000000, 0x0000000087000000|100%| S|CS|TAMS 0x0000000086f00000, 0x0000000086f00000| Complete 
| 112|0x0000000087000000, 0x0000000087100000, 0x0000000087100000|100%| S|CS|TAMS 0x0000000087000000, 0x0000000087000000| Complete 
| 113|0x0000000087100000, 0x0000000087200000, 0x0000000087200000|100%| S|CS|TAMS 0x0000000087100000, 0x0000000087100000| Complete 
| 114|0x0000000087200000, 0x0000000087200000, 0x0000000087300000|  0%| F|  |TAMS 0x0000000087200000, 0x0000000087200000| Untracked 
| 115|0x0000000087300000, 0x0000000087300000, 0x0000000087400000|  0%| F|  |TAMS 0x0000000087300000, 0x0000000087300000| Untracked 
| 116|0x0000000087400000, 0x0000000087400000, 0x0000000087500000|  0%| F|  |TAMS 0x0000000087400000, 0x0000000087400000| Untracked 
| 117|0x0000000087500000, 0x0000000087500000, 0x0000000087600000|  0%| F|  |TAMS 0x0000000087500000, 0x0000000087500000| Untracked 
| 118|0x0000000087600000, 0x0000000087600000, 0x0000000087700000|  0%| F|  |TAMS 0x0000000087600000, 0x0000000087600000| Untracked 
| 119|0x0000000087700000, 0x0000000087700000, 0x0000000087800000|  0%| F|  |TAMS 0x0000000087700000, 0x0000000087700000| Untracked 
| 120|0x0000000087800000, 0x0000000087800000, 0x0000000087900000|  0%| F|  |TAMS 0x0000000087800000, 0x0000000087800000| Untracked 
| 121|0x0000000087900000, 0x0000000087900000, 0x0000000087a00000|  0%| F|  |TAMS 0x0000000087900000, 0x0000000087900000| Untracked 
| 122|0x0000000087a00000, 0x0000000087a00000, 0x0000000087b00000|  0%| F|  |TAMS 0x0000000087a00000, 0x0000000087a00000| Untracked 
| 123|0x0000000087b00000, 0x0000000087b00000, 0x0000000087c00000|  0%| F|  |TAMS 0x0000000087b00000, 0x0000000087b00000| Untracked 
| 124|0x0000000087c00000, 0x0000000087c00000, 0x0000000087d00000|  0%| F|  |TAMS 0x0000000087c00000, 0x0000000087c00000| Untracked 
| 125|0x0000000087d00000, 0x0000000087d00000, 0x0000000087e00000|  0%| F|  |TAMS 0x0000000087d00000, 0x0000000087d00000| Untracked 
| 126|0x0000000087e00000, 0x0000000087e00000, 0x0000000087f00000|  0%| F|  |TAMS 0x0000000087e00000, 0x0000000087e00000| Untracked 
| 127|0x0000000087f00000, 0x0000000087f00000, 0x0000000088000000|  0%| F|  |TAMS 0x0000000087f00000, 0x0000000087f00000| Untracked 
| 128|0x0000000088000000, 0x0000000088000000, 0x0000000088100000|  0%| F|  |TAMS 0x0000000088000000, 0x0000000088000000| Untracked 
| 129|0x0000000088100000, 0x0000000088100000, 0x0000000088200000|  0%| F|  |TAMS 0x0000000088100000, 0x0000000088100000| Untracked 
| 130|0x0000000088200000, 0x0000000088200000, 0x0000000088300000|  0%| F|  |TAMS 0x0000000088200000, 0x0000000088200000| Untracked 
| 131|0x0000000088300000, 0x0000000088300000, 0x0000000088400000|  0%| F|  |TAMS 0x0000000088300000, 0x0000000088300000| Untracked 
| 132|0x0000000088400000, 0x0000000088400000, 0x0000000088500000|  0%| F|  |TAMS 0x0000000088400000, 0x0000000088400000| Untracked 
| 133|0x0000000088500000, 0x0000000088500000, 0x0000000088600000|  0%| F|  |TAMS 0x0000000088500000, 0x0000000088500000| Untracked 
| 134|0x0000000088600000, 0x0000000088600000, 0x0000000088700000|  0%| F|  |TAMS 0x0000000088600000, 0x0000000088600000| Untracked 
| 135|0x0000000088700000, 0x0000000088700000, 0x0000000088800000|  0%| F|  |TAMS 0x0000000088700000, 0x0000000088700000| Untracked 
| 136|0x0000000088800000, 0x0000000088800000, 0x0000000088900000|  0%| F|  |TAMS 0x0000000088800000, 0x0000000088800000| Untracked 
| 137|0x0000000088900000, 0x0000000088900000, 0x0000000088a00000|  0%| F|  |TAMS 0x0000000088900000, 0x0000000088900000| Untracked 
| 138|0x0000000088a00000, 0x0000000088a00000, 0x0000000088b00000|  0%| F|  |TAMS 0x0000000088a00000, 0x0000000088a00000| Untracked 
| 139|0x0000000088b00000, 0x0000000088b00000, 0x0000000088c00000|  0%| F|  |TAMS 0x0000000088b00000, 0x0000000088b00000| Untracked 
| 140|0x0000000088c00000, 0x0000000088c00000, 0x0000000088d00000|  0%| F|  |TAMS 0x0000000088c00000, 0x0000000088c00000| Untracked 
| 141|0x0000000088d00000, 0x0000000088d00000, 0x0000000088e00000|  0%| F|  |TAMS 0x0000000088d00000, 0x0000000088d00000| Untracked 
| 142|0x0000000088e00000, 0x0000000088e00000, 0x0000000088f00000|  0%| F|  |TAMS 0x0000000088e00000, 0x0000000088e00000| Untracked 
| 143|0x0000000088f00000, 0x0000000088f00000, 0x0000000089000000|  0%| F|  |TAMS 0x0000000088f00000, 0x0000000088f00000| Untracked 
| 144|0x0000000089000000, 0x0000000089000000, 0x0000000089100000|  0%| F|  |TAMS 0x0000000089000000, 0x0000000089000000| Untracked 
| 145|0x0000000089100000, 0x0000000089100000, 0x0000000089200000|  0%| F|  |TAMS 0x0000000089100000, 0x0000000089100000| Untracked 
| 146|0x0000000089200000, 0x0000000089200000, 0x0000000089300000|  0%| F|  |TAMS 0x0000000089200000, 0x0000000089200000| Untracked 
| 147|0x0000000089300000, 0x0000000089300000, 0x0000000089400000|  0%| F|  |TAMS 0x0000000089300000, 0x0000000089300000| Untracked 
| 148|0x0000000089400000, 0x0000000089400000, 0x0000000089500000|  0%| F|  |TAMS 0x0000000089400000, 0x0000000089400000| Untracked 
| 149|0x0000000089500000, 0x0000000089500000, 0x0000000089600000|  0%| F|  |TAMS 0x0000000089500000, 0x0000000089500000| Untracked 
| 150|0x0000000089600000, 0x0000000089600000, 0x0000000089700000|  0%| F|  |TAMS 0x0000000089600000, 0x0000000089600000| Untracked 
| 151|0x0000000089700000, 0x0000000089700000, 0x0000000089800000|  0%| F|  |TAMS 0x0000000089700000, 0x0000000089700000| Untracked 
| 152|0x0000000089800000, 0x0000000089800000, 0x0000000089900000|  0%| F|  |TAMS 0x0000000089800000, 0x0000000089800000| Untracked 
| 153|0x0000000089900000, 0x0000000089900000, 0x0000000089a00000|  0%| F|  |TAMS 0x0000000089900000, 0x0000000089900000| Untracked 
| 154|0x0000000089a00000, 0x0000000089a00000, 0x0000000089b00000|  0%| F|  |TAMS 0x0000000089a00000, 0x0000000089a00000| Untracked 
| 155|0x0000000089b00000, 0x0000000089b00000, 0x0000000089c00000|  0%| F|  |TAMS 0x0000000089b00000, 0x0000000089b00000| Untracked 
| 156|0x0000000089c00000, 0x0000000089c00000, 0x0000000089d00000|  0%| F|  |TAMS 0x0000000089c00000, 0x0000000089c00000| Untracked 
| 157|0x0000000089d00000, 0x0000000089d00000, 0x0000000089e00000|  0%| F|  |TAMS 0x0000000089d00000, 0x0000000089d00000| Untracked 
| 158|0x0000000089e00000, 0x0000000089e00000, 0x0000000089f00000|  0%| F|  |TAMS 0x0000000089e00000, 0x0000000089e00000| Untracked 
| 159|0x0000000089f00000, 0x0000000089f00000, 0x000000008a000000|  0%| F|  |TAMS 0x0000000089f00000, 0x0000000089f00000| Untracked 
| 160|0x000000008a000000, 0x000000008a000000, 0x000000008a100000|  0%| F|  |TAMS 0x000000008a000000, 0x000000008a000000| Untracked 
| 161|0x000000008a100000, 0x000000008a100000, 0x000000008a200000|  0%| F|  |TAMS 0x000000008a100000, 0x000000008a100000| Untracked 
| 162|0x000000008a200000, 0x000000008a200000, 0x000000008a300000|  0%| F|  |TAMS 0x000000008a200000, 0x000000008a200000| Untracked 
| 163|0x000000008a300000, 0x000000008a300000, 0x000000008a400000|  0%| F|  |TAMS 0x000000008a300000, 0x000000008a300000| Untracked 
| 164|0x000000008a400000, 0x000000008a400000, 0x000000008a500000|  0%| F|  |TAMS 0x000000008a400000, 0x000000008a400000| Untracked 
| 165|0x000000008a500000, 0x000000008a500000, 0x000000008a600000|  0%| F|  |TAMS 0x000000008a500000, 0x000000008a500000| Untracked 
| 166|0x000000008a600000, 0x000000008a600000, 0x000000008a700000|  0%| F|  |TAMS 0x000000008a600000, 0x000000008a600000| Untracked 
| 167|0x000000008a700000, 0x000000008a700000, 0x000000008a800000|  0%| F|  |TAMS 0x000000008a700000, 0x000000008a700000| Untracked 
| 168|0x000000008a800000, 0x000000008a800000, 0x000000008a900000|  0%| F|  |TAMS 0x000000008a800000, 0x000000008a800000| Untracked 
| 169|0x000000008a900000, 0x000000008a900000, 0x000000008aa00000|  0%| F|  |TAMS 0x000000008a900000, 0x000000008a900000| Untracked 
| 170|0x000000008aa00000, 0x000000008aa00000, 0x000000008ab00000|  0%| F|  |TAMS 0x000000008aa00000, 0x000000008aa00000| Untracked 
| 171|0x000000008ab00000, 0x000000008ab00000, 0x000000008ac00000|  0%| F|  |TAMS 0x000000008ab00000, 0x000000008ab00000| Untracked 
| 172|0x000000008ac00000, 0x000000008ac00000, 0x000000008ad00000|  0%| F|  |TAMS 0x000000008ac00000, 0x000000008ac00000| Untracked 
| 173|0x000000008ad00000, 0x000000008ad00000, 0x000000008ae00000|  0%| F|  |TAMS 0x000000008ad00000, 0x000000008ad00000| Untracked 
| 174|0x000000008ae00000, 0x000000008ae00000, 0x000000008af00000|  0%| F|  |TAMS 0x000000008ae00000, 0x000000008ae00000| Untracked 
| 175|0x000000008af00000, 0x000000008af00000, 0x000000008b000000|  0%| F|  |TAMS 0x000000008af00000, 0x000000008af00000| Untracked 
| 176|0x000000008b000000, 0x000000008b000000, 0x000000008b100000|  0%| F|  |TAMS 0x000000008b000000, 0x000000008b000000| Untracked 
| 177|0x000000008b100000, 0x000000008b100000, 0x000000008b200000|  0%| F|  |TAMS 0x000000008b100000, 0x000000008b100000| Untracked 
| 178|0x000000008b200000, 0x000000008b200000, 0x000000008b300000|  0%| F|  |TAMS 0x000000008b200000, 0x000000008b200000| Untracked 
| 179|0x000000008b300000, 0x000000008b300000, 0x000000008b400000|  0%| F|  |TAMS 0x000000008b300000, 0x000000008b300000| Untracked 
| 180|0x000000008b400000, 0x000000008b400000, 0x000000008b500000|  0%| F|  |TAMS 0x000000008b400000, 0x000000008b400000| Untracked 
| 181|0x000000008b500000, 0x000000008b500000, 0x000000008b600000|  0%| F|  |TAMS 0x000000008b500000, 0x000000008b500000| Untracked 
| 182|0x000000008b600000, 0x000000008b600000, 0x000000008b700000|  0%| F|  |TAMS 0x000000008b600000, 0x000000008b600000| Untracked 
| 183|0x000000008b700000, 0x000000008b700000, 0x000000008b800000|  0%| F|  |TAMS 0x000000008b700000, 0x000000008b700000| Untracked 
| 184|0x000000008b800000, 0x000000008b800000, 0x000000008b900000|  0%| F|  |TAMS 0x000000008b800000, 0x000000008b800000| Untracked 
| 185|0x000000008b900000, 0x000000008b900000, 0x000000008ba00000|  0%| F|  |TAMS 0x000000008b900000, 0x000000008b900000| Untracked 
| 186|0x000000008ba00000, 0x000000008ba00000, 0x000000008bb00000|  0%| F|  |TAMS 0x000000008ba00000, 0x000000008ba00000| Untracked 
| 187|0x000000008bb00000, 0x000000008bb00000, 0x000000008bc00000|  0%| F|  |TAMS 0x000000008bb00000, 0x000000008bb00000| Untracked 
| 188|0x000000008bc00000, 0x000000008bc00000, 0x000000008bd00000|  0%| F|  |TAMS 0x000000008bc00000, 0x000000008bc00000| Untracked 
| 189|0x000000008bd00000, 0x000000008bd00000, 0x000000008be00000|  0%| F|  |TAMS 0x000000008bd00000, 0x000000008bd00000| Untracked 
| 190|0x000000008be00000, 0x000000008be00000, 0x000000008bf00000|  0%| F|  |TAMS 0x000000008be00000, 0x000000008be00000| Untracked 
| 191|0x000000008bf00000, 0x000000008bf00000, 0x000000008c000000|  0%| F|  |TAMS 0x000000008bf00000, 0x000000008bf00000| Untracked 
| 192|0x000000008c000000, 0x000000008c000000, 0x000000008c100000|  0%| F|  |TAMS 0x000000008c000000, 0x000000008c000000| Untracked 
| 193|0x000000008c100000, 0x000000008c100000, 0x000000008c200000|  0%| F|  |TAMS 0x000000008c100000, 0x000000008c100000| Untracked 
| 194|0x000000008c200000, 0x000000008c200000, 0x000000008c300000|  0%| F|  |TAMS 0x000000008c200000, 0x000000008c200000| Untracked 
| 195|0x000000008c300000, 0x000000008c300000, 0x000000008c400000|  0%| F|  |TAMS 0x000000008c300000, 0x000000008c300000| Untracked 
| 196|0x000000008c400000, 0x000000008c400000, 0x000000008c500000|  0%| F|  |TAMS 0x000000008c400000, 0x000000008c400000| Untracked 
| 197|0x000000008c500000, 0x000000008c500000, 0x000000008c600000|  0%| F|  |TAMS 0x000000008c500000, 0x000000008c500000| Untracked 
| 198|0x000000008c600000, 0x000000008c600000, 0x000000008c700000|  0%| F|  |TAMS 0x000000008c600000, 0x000000008c600000| Untracked 
| 199|0x000000008c700000, 0x000000008c700000, 0x000000008c800000|  0%| F|  |TAMS 0x000000008c700000, 0x000000008c700000| Untracked 
| 200|0x000000008c800000, 0x000000008c800000, 0x000000008c900000|  0%| F|  |TAMS 0x000000008c800000, 0x000000008c800000| Untracked 
| 201|0x000000008c900000, 0x000000008c900000, 0x000000008ca00000|  0%| F|  |TAMS 0x000000008c900000, 0x000000008c900000| Untracked 
| 202|0x000000008ca00000, 0x000000008ca00000, 0x000000008cb00000|  0%| F|  |TAMS 0x000000008ca00000, 0x000000008ca00000| Untracked 
| 203|0x000000008cb00000, 0x000000008cb00000, 0x000000008cc00000|  0%| F|  |TAMS 0x000000008cb00000, 0x000000008cb00000| Untracked 
| 204|0x000000008cc00000, 0x000000008cc00000, 0x000000008cd00000|  0%| F|  |TAMS 0x000000008cc00000, 0x000000008cc00000| Untracked 
| 205|0x000000008cd00000, 0x000000008cd00000, 0x000000008ce00000|  0%| F|  |TAMS 0x000000008cd00000, 0x000000008cd00000| Untracked 
| 206|0x000000008ce00000, 0x000000008ce00000, 0x000000008cf00000|  0%| F|  |TAMS 0x000000008ce00000, 0x000000008ce00000| Untracked 
| 207|0x000000008cf00000, 0x000000008cf00000, 0x000000008d000000|  0%| F|  |TAMS 0x000000008cf00000, 0x000000008cf00000| Untracked 
| 208|0x000000008d000000, 0x000000008d000000, 0x000000008d100000|  0%| F|  |TAMS 0x000000008d000000, 0x000000008d000000| Untracked 
| 209|0x000000008d100000, 0x000000008d100000, 0x000000008d200000|  0%| F|  |TAMS 0x000000008d100000, 0x000000008d100000| Untracked 
| 210|0x000000008d200000, 0x000000008d200000, 0x000000008d300000|  0%| F|  |TAMS 0x000000008d200000, 0x000000008d200000| Untracked 
| 211|0x000000008d300000, 0x000000008d300000, 0x000000008d400000|  0%| F|  |TAMS 0x000000008d300000, 0x000000008d300000| Untracked 
| 212|0x000000008d400000, 0x000000008d400000, 0x000000008d500000|  0%| F|  |TAMS 0x000000008d400000, 0x000000008d400000| Untracked 
| 213|0x000000008d500000, 0x000000008d5af3a0, 0x000000008d600000| 68%| E|  |TAMS 0x000000008d500000, 0x000000008d500000| Complete 
| 214|0x000000008d600000, 0x000000008d700000, 0x000000008d700000|100%| E|CS|TAMS 0x000000008d600000, 0x000000008d600000| Complete 
| 215|0x000000008d700000, 0x000000008d800000, 0x000000008d800000|100%| E|CS|TAMS 0x000000008d700000, 0x000000008d700000| Complete 
| 216|0x000000008d800000, 0x000000008d900000, 0x000000008d900000|100%| E|CS|TAMS 0x000000008d800000, 0x000000008d800000| Complete 
| 217|0x000000008d900000, 0x000000008da00000, 0x000000008da00000|100%| E|CS|TAMS 0x000000008d900000, 0x000000008d900000| Complete 
| 218|0x000000008da00000, 0x000000008db00000, 0x000000008db00000|100%| E|CS|TAMS 0x000000008da00000, 0x000000008da00000| Complete 
| 219|0x000000008db00000, 0x000000008dc00000, 0x000000008dc00000|100%| E|CS|TAMS 0x000000008db00000, 0x000000008db00000| Complete 
| 220|0x000000008dc00000, 0x000000008dd00000, 0x000000008dd00000|100%| E|CS|TAMS 0x000000008dc00000, 0x000000008dc00000| Complete 
| 221|0x000000008dd00000, 0x000000008de00000, 0x000000008de00000|100%| E|CS|TAMS 0x000000008dd00000, 0x000000008dd00000| Complete 
| 222|0x000000008de00000, 0x000000008df00000, 0x000000008df00000|100%| E|CS|TAMS 0x000000008de00000, 0x000000008de00000| Complete 
| 223|0x000000008df00000, 0x000000008e000000, 0x000000008e000000|100%| E|CS|TAMS 0x000000008df00000, 0x000000008df00000| Complete 
| 224|0x000000008e000000, 0x000000008e100000, 0x000000008e100000|100%| E|CS|TAMS 0x000000008e000000, 0x000000008e000000| Complete 
| 225|0x000000008e100000, 0x000000008e200000, 0x000000008e200000|100%| E|CS|TAMS 0x000000008e100000, 0x000000008e100000| Complete 
| 226|0x000000008e200000, 0x000000008e300000, 0x000000008e300000|100%| E|CS|TAMS 0x000000008e200000, 0x000000008e200000| Complete 
| 227|0x000000008e300000, 0x000000008e400000, 0x000000008e400000|100%| E|CS|TAMS 0x000000008e300000, 0x000000008e300000| Complete 
| 228|0x000000008e400000, 0x000000008e500000, 0x000000008e500000|100%| E|CS|TAMS 0x000000008e400000, 0x000000008e400000| Complete 
| 229|0x000000008e500000, 0x000000008e600000, 0x000000008e600000|100%| E|CS|TAMS 0x000000008e500000, 0x000000008e500000| Complete 
| 230|0x000000008e600000, 0x000000008e700000, 0x000000008e700000|100%| E|CS|TAMS 0x000000008e600000, 0x000000008e600000| Complete 
| 231|0x000000008e700000, 0x000000008e800000, 0x000000008e800000|100%| E|CS|TAMS 0x000000008e700000, 0x000000008e700000| Complete 
| 232|0x000000008e800000, 0x000000008e900000, 0x000000008e900000|100%| E|CS|TAMS 0x000000008e800000, 0x000000008e800000| Complete 
| 233|0x000000008e900000, 0x000000008ea00000, 0x000000008ea00000|100%| E|CS|TAMS 0x000000008e900000, 0x000000008e900000| Complete 
| 234|0x000000008ea00000, 0x000000008eb00000, 0x000000008eb00000|100%| E|CS|TAMS 0x000000008ea00000, 0x000000008ea00000| Complete 
| 235|0x000000008eb00000, 0x000000008ec00000, 0x000000008ec00000|100%| E|CS|TAMS 0x000000008eb00000, 0x000000008eb00000| Complete 
| 236|0x000000008ec00000, 0x000000008ed00000, 0x000000008ed00000|100%| E|CS|TAMS 0x000000008ec00000, 0x000000008ec00000| Complete 
| 237|0x000000008ed00000, 0x000000008ee00000, 0x000000008ee00000|100%| E|CS|TAMS 0x000000008ed00000, 0x000000008ed00000| Complete 
| 238|0x000000008ee00000, 0x000000008ef00000, 0x000000008ef00000|100%| E|CS|TAMS 0x000000008ee00000, 0x000000008ee00000| Complete 
| 239|0x000000008ef00000, 0x000000008f000000, 0x000000008f000000|100%| E|CS|TAMS 0x000000008ef00000, 0x000000008ef00000| Complete 
| 240|0x000000008f000000, 0x000000008f100000, 0x000000008f100000|100%| E|CS|TAMS 0x000000008f000000, 0x000000008f000000| Complete 
| 241|0x000000008f100000, 0x000000008f200000, 0x000000008f200000|100%| E|CS|TAMS 0x000000008f100000, 0x000000008f100000| Complete 
| 242|0x000000008f200000, 0x000000008f300000, 0x000000008f300000|100%| E|CS|TAMS 0x000000008f200000, 0x000000008f200000| Complete 
| 243|0x000000008f300000, 0x000000008f400000, 0x000000008f400000|100%| E|CS|TAMS 0x000000008f300000, 0x000000008f300000| Complete 
| 244|0x000000008f400000, 0x000000008f500000, 0x000000008f500000|100%| E|CS|TAMS 0x000000008f400000, 0x000000008f400000| Complete 
| 245|0x000000008f500000, 0x000000008f600000, 0x000000008f600000|100%| E|CS|TAMS 0x000000008f500000, 0x000000008f500000| Complete 
| 246|0x000000008f600000, 0x000000008f700000, 0x000000008f700000|100%| E|CS|TAMS 0x000000008f600000, 0x000000008f600000| Complete 
| 247|0x000000008f700000, 0x000000008f800000, 0x000000008f800000|100%| E|CS|TAMS 0x000000008f700000, 0x000000008f700000| Complete 
| 248|0x000000008f800000, 0x000000008f900000, 0x000000008f900000|100%| E|CS|TAMS 0x000000008f800000, 0x000000008f800000| Complete 
| 249|0x000000008f900000, 0x000000008fa00000, 0x000000008fa00000|100%| E|CS|TAMS 0x000000008f900000, 0x000000008f900000| Complete 
| 250|0x000000008fa00000, 0x000000008fb00000, 0x000000008fb00000|100%| E|CS|TAMS 0x000000008fa00000, 0x000000008fa00000| Complete 
| 251|0x000000008fb00000, 0x000000008fc00000, 0x000000008fc00000|100%| E|CS|TAMS 0x000000008fb00000, 0x000000008fb00000| Complete 
| 252|0x000000008fc00000, 0x000000008fd00000, 0x000000008fd00000|100%| E|CS|TAMS 0x000000008fc00000, 0x000000008fc00000| Complete 
| 253|0x000000008fd00000, 0x000000008fe00000, 0x000000008fe00000|100%| E|CS|TAMS 0x000000008fd00000, 0x000000008fd00000| Complete 
| 254|0x000000008fe00000, 0x000000008ff00000, 0x000000008ff00000|100%| E|CS|TAMS 0x000000008fe00000, 0x000000008fe00000| Complete 
| 255|0x000000008ff00000, 0x0000000090000000, 0x0000000090000000|100%| E|CS|TAMS 0x000000008ff00000, 0x000000008ff00000| Complete 
| 256|0x0000000090000000, 0x0000000090100000, 0x0000000090100000|100%| E|CS|TAMS 0x0000000090000000, 0x0000000090000000| Complete 
| 257|0x0000000090100000, 0x0000000090200000, 0x0000000090200000|100%| E|CS|TAMS 0x0000000090100000, 0x0000000090100000| Complete 
| 258|0x0000000090200000, 0x0000000090300000, 0x0000000090300000|100%| E|CS|TAMS 0x0000000090200000, 0x0000000090200000| Complete 
| 259|0x0000000090300000, 0x0000000090400000, 0x0000000090400000|100%| E|CS|TAMS 0x0000000090300000, 0x0000000090300000| Complete 
| 260|0x0000000090400000, 0x0000000090500000, 0x0000000090500000|100%| E|CS|TAMS 0x0000000090400000, 0x0000000090400000| Complete 
| 261|0x0000000090500000, 0x0000000090600000, 0x0000000090600000|100%| E|CS|TAMS 0x0000000090500000, 0x0000000090500000| Complete 
| 262|0x0000000090600000, 0x0000000090700000, 0x0000000090700000|100%| E|CS|TAMS 0x0000000090600000, 0x0000000090600000| Complete 
| 263|0x0000000090700000, 0x0000000090800000, 0x0000000090800000|100%| E|CS|TAMS 0x0000000090700000, 0x0000000090700000| Complete 
| 264|0x0000000090800000, 0x0000000090900000, 0x0000000090900000|100%| E|CS|TAMS 0x0000000090800000, 0x0000000090800000| Complete 
| 265|0x0000000090900000, 0x0000000090a00000, 0x0000000090a00000|100%| E|CS|TAMS 0x0000000090900000, 0x0000000090900000| Complete 
| 266|0x0000000090a00000, 0x0000000090b00000, 0x0000000090b00000|100%| E|CS|TAMS 0x0000000090a00000, 0x0000000090a00000| Complete 
| 267|0x0000000090b00000, 0x0000000090c00000, 0x0000000090c00000|100%| E|CS|TAMS 0x0000000090b00000, 0x0000000090b00000| Complete 
| 268|0x0000000090c00000, 0x0000000090d00000, 0x0000000090d00000|100%| E|CS|TAMS 0x0000000090c00000, 0x0000000090c00000| Complete 
| 269|0x0000000090d00000, 0x0000000090e00000, 0x0000000090e00000|100%| E|CS|TAMS 0x0000000090d00000, 0x0000000090d00000| Complete 
| 270|0x0000000090e00000, 0x0000000090f00000, 0x0000000090f00000|100%| E|CS|TAMS 0x0000000090e00000, 0x0000000090e00000| Complete 
| 271|0x0000000090f00000, 0x0000000091000000, 0x0000000091000000|100%| E|CS|TAMS 0x0000000090f00000, 0x0000000090f00000| Complete 
| 272|0x0000000091000000, 0x0000000091100000, 0x0000000091100000|100%| E|CS|TAMS 0x0000000091000000, 0x0000000091000000| Complete 
| 273|0x0000000091100000, 0x0000000091200000, 0x0000000091200000|100%| E|CS|TAMS 0x0000000091100000, 0x0000000091100000| Complete 
| 274|0x0000000091200000, 0x0000000091300000, 0x0000000091300000|100%| E|CS|TAMS 0x0000000091200000, 0x0000000091200000| Complete 
| 275|0x0000000091300000, 0x0000000091400000, 0x0000000091400000|100%| E|CS|TAMS 0x0000000091300000, 0x0000000091300000| Complete 
| 276|0x0000000091400000, 0x0000000091500000, 0x0000000091500000|100%| E|CS|TAMS 0x0000000091400000, 0x0000000091400000| Complete 
| 277|0x0000000091500000, 0x0000000091600000, 0x0000000091600000|100%| E|CS|TAMS 0x0000000091500000, 0x0000000091500000| Complete 
| 278|0x0000000091600000, 0x0000000091700000, 0x0000000091700000|100%| E|CS|TAMS 0x0000000091600000, 0x0000000091600000| Complete 
| 279|0x0000000091700000, 0x0000000091800000, 0x0000000091800000|100%| E|CS|TAMS 0x0000000091700000, 0x0000000091700000| Complete 
| 280|0x0000000091800000, 0x0000000091900000, 0x0000000091900000|100%| E|CS|TAMS 0x0000000091800000, 0x0000000091800000| Complete 
| 281|0x0000000091900000, 0x0000000091a00000, 0x0000000091a00000|100%| E|CS|TAMS 0x0000000091900000, 0x0000000091900000| Complete 
| 282|0x0000000091a00000, 0x0000000091b00000, 0x0000000091b00000|100%| E|CS|TAMS 0x0000000091a00000, 0x0000000091a00000| Complete 
| 283|0x0000000091b00000, 0x0000000091c00000, 0x0000000091c00000|100%| E|CS|TAMS 0x0000000091b00000, 0x0000000091b00000| Complete 
| 284|0x0000000091c00000, 0x0000000091d00000, 0x0000000091d00000|100%| E|CS|TAMS 0x0000000091c00000, 0x0000000091c00000| Complete 
| 285|0x0000000091d00000, 0x0000000091e00000, 0x0000000091e00000|100%| E|CS|TAMS 0x0000000091d00000, 0x0000000091d00000| Complete 
| 286|0x0000000091e00000, 0x0000000091f00000, 0x0000000091f00000|100%| E|CS|TAMS 0x0000000091e00000, 0x0000000091e00000| Complete 
| 287|0x0000000091f00000, 0x0000000092000000, 0x0000000092000000|100%| E|CS|TAMS 0x0000000091f00000, 0x0000000091f00000| Complete 
| 288|0x0000000092000000, 0x0000000092100000, 0x0000000092100000|100%| E|CS|TAMS 0x0000000092000000, 0x0000000092000000| Complete 
| 289|0x0000000092100000, 0x0000000092200000, 0x0000000092200000|100%| E|CS|TAMS 0x0000000092100000, 0x0000000092100000| Complete 
| 290|0x0000000092200000, 0x0000000092300000, 0x0000000092300000|100%| E|CS|TAMS 0x0000000092200000, 0x0000000092200000| Complete 
| 291|0x0000000092300000, 0x0000000092400000, 0x0000000092400000|100%| E|CS|TAMS 0x0000000092300000, 0x0000000092300000| Complete 
| 292|0x0000000092400000, 0x0000000092500000, 0x0000000092500000|100%| E|CS|TAMS 0x0000000092400000, 0x0000000092400000| Complete 
| 293|0x0000000092500000, 0x0000000092600000, 0x0000000092600000|100%| E|CS|TAMS 0x0000000092500000, 0x0000000092500000| Complete 
| 294|0x0000000092600000, 0x0000000092700000, 0x0000000092700000|100%| E|CS|TAMS 0x0000000092600000, 0x0000000092600000| Complete 
| 295|0x0000000092700000, 0x0000000092800000, 0x0000000092800000|100%| E|CS|TAMS 0x0000000092700000, 0x0000000092700000| Complete 
| 296|0x0000000092800000, 0x0000000092900000, 0x0000000092900000|100%| E|CS|TAMS 0x0000000092800000, 0x0000000092800000| Complete 
| 297|0x0000000092900000, 0x0000000092a00000, 0x0000000092a00000|100%| E|CS|TAMS 0x0000000092900000, 0x0000000092900000| Complete 
| 298|0x0000000092a00000, 0x0000000092b00000, 0x0000000092b00000|100%| E|CS|TAMS 0x0000000092a00000, 0x0000000092a00000| Complete 
| 299|0x0000000092b00000, 0x0000000092c00000, 0x0000000092c00000|100%| E|CS|TAMS 0x0000000092b00000, 0x0000000092b00000| Complete 
| 300|0x0000000092c00000, 0x0000000092d00000, 0x0000000092d00000|100%| E|CS|TAMS 0x0000000092c00000, 0x0000000092c00000| Complete 
| 301|0x0000000092d00000, 0x0000000092e00000, 0x0000000092e00000|100%| E|CS|TAMS 0x0000000092d00000, 0x0000000092d00000| Complete 
| 302|0x0000000092e00000, 0x0000000092f00000, 0x0000000092f00000|100%| E|CS|TAMS 0x0000000092e00000, 0x0000000092e00000| Complete 
| 303|0x0000000092f00000, 0x0000000093000000, 0x0000000093000000|100%| E|CS|TAMS 0x0000000092f00000, 0x0000000092f00000| Complete 
| 304|0x0000000093000000, 0x0000000093100000, 0x0000000093100000|100%| E|CS|TAMS 0x0000000093000000, 0x0000000093000000| Complete 
| 305|0x0000000093100000, 0x0000000093200000, 0x0000000093200000|100%| E|CS|TAMS 0x0000000093100000, 0x0000000093100000| Complete 
| 306|0x0000000093200000, 0x0000000093300000, 0x0000000093300000|100%| E|CS|TAMS 0x0000000093200000, 0x0000000093200000| Complete 
| 307|0x0000000093300000, 0x0000000093400000, 0x0000000093400000|100%| E|CS|TAMS 0x0000000093300000, 0x0000000093300000| Complete 
| 308|0x0000000093400000, 0x0000000093500000, 0x0000000093500000|100%| E|CS|TAMS 0x0000000093400000, 0x0000000093400000| Complete 
| 309|0x0000000093500000, 0x0000000093600000, 0x0000000093600000|100%| E|CS|TAMS 0x0000000093500000, 0x0000000093500000| Complete 
| 310|0x0000000093600000, 0x0000000093700000, 0x0000000093700000|100%| E|CS|TAMS 0x0000000093600000, 0x0000000093600000| Complete 
| 311|0x0000000093700000, 0x0000000093800000, 0x0000000093800000|100%| E|CS|TAMS 0x0000000093700000, 0x0000000093700000| Complete 
| 312|0x0000000093800000, 0x0000000093900000, 0x0000000093900000|100%| E|CS|TAMS 0x0000000093800000, 0x0000000093800000| Complete 
| 313|0x0000000093900000, 0x0000000093a00000, 0x0000000093a00000|100%| E|CS|TAMS 0x0000000093900000, 0x0000000093900000| Complete 
| 314|0x0000000093a00000, 0x0000000093b00000, 0x0000000093b00000|100%| E|CS|TAMS 0x0000000093a00000, 0x0000000093a00000| Complete 
| 315|0x0000000093b00000, 0x0000000093c00000, 0x0000000093c00000|100%| E|CS|TAMS 0x0000000093b00000, 0x0000000093b00000| Complete 
| 316|0x0000000093c00000, 0x0000000093d00000, 0x0000000093d00000|100%| E|CS|TAMS 0x0000000093c00000, 0x0000000093c00000| Complete 
| 317|0x0000000093d00000, 0x0000000093e00000, 0x0000000093e00000|100%| E|  |TAMS 0x0000000093d00000, 0x0000000093d00000| Complete 
| 318|0x0000000093e00000, 0x0000000093f00000, 0x0000000093f00000|100%| E|CS|TAMS 0x0000000093e00000, 0x0000000093e00000| Complete 
| 319|0x0000000093f00000, 0x0000000094000000, 0x0000000094000000|100%| E|CS|TAMS 0x0000000093f00000, 0x0000000093f00000| Complete 
| 320|0x0000000094000000, 0x0000000094100000, 0x0000000094100000|100%| E|CS|TAMS 0x0000000094000000, 0x0000000094000000| Complete 
| 321|0x0000000094100000, 0x0000000094200000, 0x0000000094200000|100%| E|CS|TAMS 0x0000000094100000, 0x0000000094100000| Complete 
| 322|0x0000000094200000, 0x0000000094300000, 0x0000000094300000|100%| E|CS|TAMS 0x0000000094200000, 0x0000000094200000| Complete 
| 323|0x0000000094300000, 0x0000000094400000, 0x0000000094400000|100%| E|CS|TAMS 0x0000000094300000, 0x0000000094300000| Complete 
| 324|0x0000000094400000, 0x0000000094500000, 0x0000000094500000|100%| E|CS|TAMS 0x0000000094400000, 0x0000000094400000| Complete 
| 325|0x0000000094500000, 0x0000000094600000, 0x0000000094600000|100%| E|CS|TAMS 0x0000000094500000, 0x0000000094500000| Complete 
| 326|0x0000000094600000, 0x0000000094700000, 0x0000000094700000|100%| E|CS|TAMS 0x0000000094600000, 0x0000000094600000| Complete 
| 327|0x0000000094700000, 0x0000000094800000, 0x0000000094800000|100%| E|CS|TAMS 0x0000000094700000, 0x0000000094700000| Complete 
| 328|0x0000000094800000, 0x0000000094900000, 0x0000000094900000|100%| E|CS|TAMS 0x0000000094800000, 0x0000000094800000| Complete 
| 329|0x0000000094900000, 0x0000000094a00000, 0x0000000094a00000|100%| E|CS|TAMS 0x0000000094900000, 0x0000000094900000| Complete 
| 330|0x0000000094a00000, 0x0000000094b00000, 0x0000000094b00000|100%| E|CS|TAMS 0x0000000094a00000, 0x0000000094a00000| Complete 
| 331|0x0000000094b00000, 0x0000000094c00000, 0x0000000094c00000|100%| E|CS|TAMS 0x0000000094b00000, 0x0000000094b00000| Complete 
| 332|0x0000000094c00000, 0x0000000094d00000, 0x0000000094d00000|100%| E|CS|TAMS 0x0000000094c00000, 0x0000000094c00000| Complete 
| 333|0x0000000094d00000, 0x0000000094e00000, 0x0000000094e00000|100%| E|CS|TAMS 0x0000000094d00000, 0x0000000094d00000| Complete 
| 334|0x0000000094e00000, 0x0000000094f00000, 0x0000000094f00000|100%| E|CS|TAMS 0x0000000094e00000, 0x0000000094e00000| Complete 
| 335|0x0000000094f00000, 0x0000000095000000, 0x0000000095000000|100%| E|CS|TAMS 0x0000000094f00000, 0x0000000094f00000| Complete 

Card table byte_map: [0x00000195fac70000,0x00000195fb070000] _byte_map_base: 0x00000195fa870000

Marking Bits (Prev, Next): (CMBitMap*) 0x00000195fa7ffeb0, (CMBitMap*) 0x00000195fa7ffef0
 Prev Bits: [0x00000195fb470000, 0x00000195fd470000)
 Next Bits: [0x00000195fd470000, 0x00000195ff470000)

Polling page: 0x00000195f9f70000

Metaspace:

Usage:
  Non-class:     66.15 MB used.
      Class:     10.88 MB used.
       Both:     77.04 MB used.

Virtual space:
  Non-class space:      128.00 MB reserved,      66.75 MB ( 52%) committed,  2 nodes.
      Class space:      416.00 MB reserved,      11.38 MB (  3%) committed,  1 nodes.
             Both:      544.00 MB reserved,      78.12 MB ( 14%) committed. 

Chunk freelists:
   Non-Class:  12.36 MB
       Class:  4.52 MB
        Both:  16.88 MB

MaxMetaspaceSize: 512.00 MB
CompressedClassSpaceSize: 416.00 MB
Initial GC threshold: 21.00 MB
Current GC threshold: 118.75 MB
CDS: on
MetaspaceReclaimPolicy: balanced
 - commit_granule_bytes: 65536.
 - commit_granule_words: 8192.
 - virtual_space_node_default_size: 8388608.
 - enlarge_chunks_in_place: 1.
 - new_chunks_are_fully_committed: 0.
 - uncommit_free_chunks: 1.
 - use_allocation_guard: 0.
 - handle_deallocations: 1.


Internal statistics:

num_allocs_failed_limit: 9.
num_arena_births: 1556.
num_arena_deaths: 0.
num_vsnodes_births: 3.
num_vsnodes_deaths: 0.
num_space_committed: 1250.
num_space_uncommitted: 0.
num_chunks_returned_to_freelist: 9.
num_chunks_taken_from_freelist: 5172.
num_chunk_merges: 9.
num_chunk_splits: 3287.
num_chunks_enlarged: 2001.
num_inconsistent_stats: 0.

CodeHeap 'non-profiled nmethods': size=120000Kb used=6234Kb max_used=6234Kb free=113765Kb
 bounds [0x000001958f2c0000, 0x000001958f8f0000, 0x00000195967f0000]
CodeHeap 'profiled nmethods': size=120000Kb used=18469Kb max_used=20106Kb free=101530Kb
 bounds [0x00000195877f0000, 0x0000019588ba0000, 0x000001958ed20000]
CodeHeap 'non-nmethods': size=5760Kb used=1717Kb max_used=1792Kb free=4043Kb
 bounds [0x000001958ed20000, 0x000001958ef90000, 0x000001958f2c0000]
 total_blobs=10564 nmethods=9752 adapters=724
 compilation: enabled
              stopped_count=0, restarted_count=0
 full_count=0

Compilation events (20 events):
Event: 41.144 Thread 0x00000195ff983820 nmethod 11366 0x0000019588247290 code [0x0000019588247460, 0x00000195882477d8]
Event: 41.154 Thread 0x00000195ff983820 11367  s    3       java.util.jar.JarFile::getInputStream (72 bytes)
Event: 41.154 Thread 0x00000195ff983820 nmethod 11367 0x0000019587c2e910 code [0x0000019587c2eb40, 0x0000019587c2f0d8]
Event: 41.163 Thread 0x00000195ba2b3a90 11368       4       java.lang.ClassLoader::preDefineClass (118 bytes)
Event: 41.167 Thread 0x00000195ff97e950 11369       4       java.lang.ClassLoader::checkCerts (121 bytes)
Event: 41.201 Thread 0x00000195ff97e950 nmethod 11369 0x000001958f451b90 code [0x000001958f451dc0, 0x000001958f452d40]
Event: 41.206 Thread 0x00000195ba2b3a90 nmethod 11368 0x000001958f44fa10 code [0x000001958f44fc40, 0x000001958f450fa0]
Event: 41.303 Thread 0x00000195ff97e950 11370       4       java.lang.ClassLoader::defineClass (43 bytes)
Event: 41.306 Thread 0x00000195ff97e950 nmethod 11370 0x000001958f779890 code [0x000001958f779a40, 0x000001958f779c10]
Event: 41.315 Thread 0x00000195ff97e950 11371       4       jdk.internal.loader.URLClassPath$JarLoader$2::getContentLength (9 bytes)
Event: 41.316 Thread 0x00000195ff97e950 nmethod 11371 0x000001958f44f710 code [0x000001958f44f880, 0x000001958f44f918]
Event: 41.317 Thread 0x00000195ff983820 11372       3       jdk.internal.loader.URLClassPath$JarLoader$2::getCodeSigners (8 bytes)
Event: 41.317 Thread 0x00000195ff983820 nmethod 11372 0x000001958806be90 code [0x000001958806c040, 0x000001958806c208]
Event: 41.317 Thread 0x00000195ff983820 11373       3       java.security.CodeSource::<init> (52 bytes)
Event: 41.317 Thread 0x00000195ff983820 nmethod 11373 0x0000019587c20610 code [0x0000019587c207e0, 0x0000019587c20d78]
Event: 41.317 Thread 0x00000195ff97e950 11374   !   4       jdk.internal.loader.Resource::getBytes (244 bytes)
Event: 41.325 Thread 0x00000195ff983820 11375       3       java.security.SecureClassLoader$CodeSourceKey::equals (60 bytes)
Event: 41.325 Thread 0x00000195ff983820 nmethod 11375 0x000001958817ab90 code [0x000001958817ad80, 0x000001958817b3d8]
Event: 41.326 Thread 0x00000195ff983820 11376       3       java.security.CodeSource::matchCerts (254 bytes)
Event: 41.327 Thread 0x00000195ff983820 nmethod 11376 0x0000019587baed90 code [0x0000019587baf000, 0x0000019587bafb98]

GC Heap History (20 events):
Event: 23.439 GC heap before
{Heap before GC invocations=18 (full 0):
 garbage-first heap   total 172032K, used 103773K [0x0000000080000000, 0x0000000100000000)
  region size 1024K, 54 young (55296K), 2 survivors (2048K)
 Metaspace       used 55814K, committed 56576K, reserved 491520K
  class space    used 7971K, committed 8320K, reserved 425984K
}
Event: 23.453 GC heap after
{Heap after GC invocations=19 (full 0):
 garbage-first heap   total 172032K, used 53049K [0x0000000080000000, 0x0000000100000000)
  region size 1024K, 4 young (4096K), 4 survivors (4096K)
 Metaspace       used 55814K, committed 56576K, reserved 491520K
  class space    used 7971K, committed 8320K, reserved 425984K
}
Event: 24.507 GC heap before
{Heap before GC invocations=19 (full 0):
 garbage-first heap   total 172032K, used 98105K [0x0000000080000000, 0x0000000100000000)
  region size 1024K, 49 young (50176K), 4 survivors (4096K)
 Metaspace       used 59335K, committed 60096K, reserved 491520K
  class space    used 8503K, committed 8896K, reserved 425984K
}
Event: 24.519 GC heap after
{Heap after GC invocations=20 (full 0):
 garbage-first heap   total 172032K, used 55101K [0x0000000080000000, 0x0000000100000000)
  region size 1024K, 6 young (6144K), 6 survivors (6144K)
 Metaspace       used 59335K, committed 60096K, reserved 491520K
  class space    used 8503K, committed 8896K, reserved 425984K
}
Event: 26.170 GC heap before
{Heap before GC invocations=21 (full 0):
 garbage-first heap   total 172032K, used 114493K [0x0000000080000000, 0x0000000100000000)
  region size 1024K, 64 young (65536K), 6 survivors (6144K)
 Metaspace       used 62624K, committed 63424K, reserved 491520K
  class space    used 9016K, committed 9408K, reserved 425984K
}
Event: 26.181 GC heap after
{Heap after GC invocations=22 (full 0):
 garbage-first heap   total 172032K, used 57074K [0x0000000080000000, 0x0000000100000000)
  region size 1024K, 5 young (5120K), 5 survivors (5120K)
 Metaspace       used 62624K, committed 63424K, reserved 491520K
  class space    used 9016K, committed 9408K, reserved 425984K
}
Event: 26.241 GC heap before
{Heap before GC invocations=22 (full 0):
 garbage-first heap   total 172032K, used 60146K [0x0000000080000000, 0x0000000100000000)
  region size 1024K, 8 young (8192K), 5 survivors (5120K)
 Metaspace       used 62772K, committed 63616K, reserved 491520K
  class space    used 9038K, committed 9408K, reserved 425984K
}
Event: 26.248 GC heap after
{Heap after GC invocations=23 (full 0):
 garbage-first heap   total 172032K, used 57227K [0x0000000080000000, 0x0000000100000000)
  region size 1024K, 1 young (1024K), 1 survivors (1024K)
 Metaspace       used 62772K, committed 63616K, reserved 491520K
  class space    used 9038K, committed 9408K, reserved 425984K
}
Event: 28.401 GC heap before
{Heap before GC invocations=23 (full 0):
 garbage-first heap   total 172032K, used 118667K [0x0000000080000000, 0x0000000100000000)
  region size 1024K, 62 young (63488K), 1 survivors (1024K)
 Metaspace       used 65855K, committed 66816K, reserved 491520K
  class space    used 9407K, committed 9856K, reserved 425984K
}
Event: 28.414 GC heap after
{Heap after GC invocations=24 (full 0):
 garbage-first heap   total 172032K, used 63651K [0x0000000080000000, 0x0000000100000000)
  region size 1024K, 8 young (8192K), 8 survivors (8192K)
 Metaspace       used 65855K, committed 66816K, reserved 491520K
  class space    used 9407K, committed 9856K, reserved 425984K
}
Event: 32.187 GC heap before
{Heap before GC invocations=24 (full 0):
 garbage-first heap   total 172032K, used 122019K [0x0000000080000000, 0x0000000100000000)
  region size 1024K, 66 young (67584K), 8 survivors (8192K)
 Metaspace       used 69976K, committed 70912K, reserved 491520K
  class space    used 10116K, committed 10560K, reserved 425984K
}
Event: 32.205 GC heap after
{Heap after GC invocations=25 (full 0):
 garbage-first heap   total 172032K, used 68936K [0x0000000080000000, 0x0000000100000000)
  region size 1024K, 7 young (7168K), 7 survivors (7168K)
 Metaspace       used 69976K, committed 70912K, reserved 491520K
  class space    used 10116K, committed 10560K, reserved 425984K
}
Event: 34.450 GC heap before
{Heap before GC invocations=25 (full 0):
 garbage-first heap   total 172032K, used 125256K [0x0000000080000000, 0x0000000100000000)
  region size 1024K, 63 young (64512K), 7 survivors (7168K)
 Metaspace       used 71821K, committed 72896K, reserved 491520K
  class space    used 10311K, committed 10816K, reserved 425984K
}
Event: 34.467 GC heap after
{Heap after GC invocations=26 (full 0):
 garbage-first heap   total 172032K, used 76485K [0x0000000080000000, 0x0000000100000000)
  region size 1024K, 8 young (8192K), 8 survivors (8192K)
 Metaspace       used 71821K, committed 72896K, reserved 491520K
  class space    used 10311K, committed 10816K, reserved 425984K
}
Event: 35.806 GC heap before
{Heap before GC invocations=27 (full 0):
 garbage-first heap   total 172032K, used 128709K [0x0000000080000000, 0x0000000100000000)
  region size 1024K, 60 young (61440K), 8 survivors (8192K)
 Metaspace       used 71938K, committed 73024K, reserved 491520K
  class space    used 10311K, committed 10816K, reserved 425984K
}
Event: 35.821 GC heap after
{Heap after GC invocations=28 (full 0):
 garbage-first heap   total 172032K, used 79584K [0x0000000080000000, 0x0000000100000000)
  region size 1024K, 5 young (5120K), 5 survivors (5120K)
 Metaspace       used 71938K, committed 73024K, reserved 491520K
  class space    used 10311K, committed 10816K, reserved 425984K
}
Event: 35.878 GC heap before
{Heap before GC invocations=28 (full 0):
 garbage-first heap   total 172032K, used 82656K [0x0000000080000000, 0x0000000100000000)
  region size 1024K, 8 young (8192K), 5 survivors (5120K)
 Metaspace       used 71939K, committed 73024K, reserved 491520K
  class space    used 10311K, committed 10816K, reserved 425984K
}
Event: 35.887 GC heap after
{Heap after GC invocations=29 (full 0):
 garbage-first heap   total 172032K, used 78670K [0x0000000080000000, 0x0000000100000000)
  region size 1024K, 1 young (1024K), 1 survivors (1024K)
 Metaspace       used 71939K, committed 73024K, reserved 491520K
  class space    used 10311K, committed 10816K, reserved 425984K
}
Event: 36.893 GC heap before
{Heap before GC invocations=29 (full 0):
 garbage-first heap   total 172032K, used 131918K [0x0000000080000000, 0x0000000100000000)
  region size 1024K, 54 young (55296K), 1 survivors (1024K)
 Metaspace       used 71945K, committed 73024K, reserved 491520K
  class space    used 10311K, committed 10816K, reserved 425984K
}
Event: 36.904 GC heap after
{Heap after GC invocations=30 (full 0):
 garbage-first heap   total 344064K, used 81504K [0x0000000080000000, 0x0000000100000000)
  region size 1024K, 4 young (4096K), 4 survivors (4096K)
 Metaspace       used 71945K, committed 73024K, reserved 491520K
  class space    used 10311K, committed 10816K, reserved 425984K
}

Deoptimization events (20 events):
Event: 40.892 Thread 0x00000195b978fe70 DEOPT PACKING pc=0x000001958815f1b8 sp=0x0000003bc81ee360
Event: 40.892 Thread 0x00000195b978fe70 DEOPT UNPACKING pc=0x000001958ed72b43 sp=0x0000003bc81ed7e0 mode 0
Event: 40.923 Thread 0x00000195b978fe70 DEOPT PACKING pc=0x0000019587e93eb0 sp=0x0000003bc81ee3b0
Event: 40.923 Thread 0x00000195b978fe70 DEOPT UNPACKING pc=0x000001958ed72b43 sp=0x0000003bc81ed848 mode 0
Event: 40.924 Thread 0x00000195b978fe70 DEOPT PACKING pc=0x000001958815f1b8 sp=0x0000003bc81ee360
Event: 40.924 Thread 0x00000195b978fe70 DEOPT UNPACKING pc=0x000001958ed72b43 sp=0x0000003bc81ed7e0 mode 0
Event: 40.927 Thread 0x00000195b978fe70 DEOPT PACKING pc=0x000001958815f1b8 sp=0x0000003bc81ee360
Event: 40.927 Thread 0x00000195b978fe70 DEOPT UNPACKING pc=0x000001958ed72b43 sp=0x0000003bc81ed7e0 mode 0
Event: 40.927 Thread 0x00000195b978fe70 DEOPT PACKING pc=0x0000019587e93eb0 sp=0x0000003bc81ee3b0
Event: 40.927 Thread 0x00000195b978fe70 DEOPT UNPACKING pc=0x000001958ed72b43 sp=0x0000003bc81ed848 mode 0
Event: 40.928 Thread 0x00000195b978fe70 DEOPT PACKING pc=0x000001958815f1b8 sp=0x0000003bc81ee360
Event: 40.928 Thread 0x00000195b978fe70 DEOPT UNPACKING pc=0x000001958ed72b43 sp=0x0000003bc81ed7e0 mode 0
Event: 40.930 Thread 0x00000195b978fe70 DEOPT PACKING pc=0x0000019587e93eb0 sp=0x0000003bc81ee3b0
Event: 40.931 Thread 0x00000195b978fe70 DEOPT UNPACKING pc=0x000001958ed72b43 sp=0x0000003bc81ed848 mode 0
Event: 40.934 Thread 0x00000195b978fe70 DEOPT PACKING pc=0x0000019587e93eb0 sp=0x0000003bc81ee3b0
Event: 40.934 Thread 0x00000195b978fe70 DEOPT UNPACKING pc=0x000001958ed72b43 sp=0x0000003bc81ed848 mode 0
Event: 41.044 Thread 0x00000195b978fe70 Uncommon trap: trap_request=0xffffff45 fr.pc=0x000001958f5b9350 relative=0x00000000000000b0
Event: 41.044 Thread 0x00000195b978fe70 Uncommon trap: reason=unstable_if action=reinterpret pc=0x000001958f5b9350 method=java.security.CodeSource.matchCerts(Ljava/security/CodeSource;Z)Z @ 11 c2
Event: 41.044 Thread 0x00000195b978fe70 DEOPT PACKING pc=0x000001958f5b9350 sp=0x0000003bc81ed140
Event: 41.044 Thread 0x00000195b978fe70 DEOPT UNPACKING pc=0x000001958ed723a3 sp=0x0000003bc81ed0d8 mode 2

Classes unloaded (0 events):
No events

Classes redefined (0 events):
No events

Internal exceptions (20 events):
Event: 34.349 Thread 0x00000195bb0181c0 Exception <a 'sun/nio/fs/WindowsException'{0x00000000873331a8}> (0x00000000873331a8) 
thrown [s\open\src\hotspot\share\prims\jni.cpp, line 516]
Event: 34.349 Thread 0x00000195bb0181c0 Exception <a 'sun/nio/fs/WindowsException'{0x0000000087335760}> (0x0000000087335760) 
thrown [s\open\src\hotspot\share\prims\jni.cpp, line 516]
Event: 34.350 Thread 0x00000195bb0181c0 Exception <a 'sun/nio/fs/WindowsException'{0x0000000087337940}> (0x0000000087337940) 
thrown [s\open\src\hotspot\share\prims\jni.cpp, line 516]
Event: 34.855 Thread 0x00000195bb142250 Implicit null exception at 0x000001958f84938a to 0x000001958f849a6c
Event: 37.168 Thread 0x00000195b978fe70 Exception <a 'java/lang/ClassNotFoundException'{0x0000000093e5b530}: build_drz3qfs4z5wlu3f1uhaa0crn8BeanInfo> (0x0000000093e5b530) 
thrown [s\open\src\hotspot\share\classfile\systemDictionary.cpp, line 256]
Event: 37.168 Thread 0x00000195b978fe70 Exception <a 'java/lang/ClassNotFoundException'{0x0000000093e62bf8}: build_drz3qfs4z5wlu3f1uhaa0crn8Customizer> (0x0000000093e62bf8) 
thrown [s\open\src\hotspot\share\classfile\systemDictionary.cpp, line 256]
Event: 37.472 Thread 0x00000195b978fe70 Exception <a 'java/lang/ClassNotFoundException'{0x0000000093501da0}: org/gradle/api/internal/plugins/DefaultObjectConfigurationActionBeanInfo> (0x0000000093501da0) 
thrown [s\open\src\hotspot\share\classfile\systemDictionary.cpp, line 256]
Event: 37.473 Thread 0x00000195b978fe70 Exception <a 'java/lang/ClassNotFoundException'{0x0000000093516cc8}: org/gradle/api/internal/plugins/DefaultObjectConfigurationActionCustomizer> (0x0000000093516cc8) 
thrown [s\open\src\hotspot\share\classfile\systemDictionary.cpp, line 256]
Event: 37.485 Thread 0x00000195b978fe70 Exception <a 'java/lang/ClassNotFoundException'{0x00000000935737c0}: org/gradle/plugin/software/internal/SoftwareFeaturesDynamicObject_DecoratedBeanInfo> (0x00000000935737c0) 
thrown [s\open\src\hotspot\share\classfile\systemDictionary.cpp, line 256]
Event: 37.486 Thread 0x00000195b978fe70 Exception <a 'java/lang/ClassNotFoundException'{0x000000009358aa60}: org/gradle/plugin/software/internal/SoftwareFeaturesDynamicObjectBeanInfo> (0x000000009358aa60) 
thrown [s\open\src\hotspot\share\classfile\systemDictionary.cpp, line 256]
Event: 37.487 Thread 0x00000195b978fe70 Exception <a 'java/lang/ClassNotFoundException'{0x00000000935a14c0}: org/gradle/internal/metaobject/AbstractDynamicObjectBeanInfo> (0x00000000935a14c0) 
thrown [s\open\src\hotspot\share\classfile\systemDictionary.cpp, line 256]
Event: 37.489 Thread 0x00000195b978fe70 Exception <a 'java/lang/ClassNotFoundException'{0x00000000935b7f58}: org/gradle/internal/metaobject/AbstractDynamicObjectCustomizer> (0x00000000935b7f58) 
thrown [s\open\src\hotspot\share\classfile\systemDictionary.cpp, line 256]
Event: 37.491 Thread 0x00000195b978fe70 Exception <a 'java/lang/ClassNotFoundException'{0x00000000935dba60}: org/gradle/plugin/software/internal/SoftwareFeaturesDynamicObjectCustomizer> (0x00000000935dba60) 
thrown [s\open\src\hotspot\share\classfile\systemDictionary.cpp, line 256]
Event: 37.493 Thread 0x00000195b978fe70 Exception <a 'java/lang/ClassNotFoundException'{0x00000000935f9e30}: org/gradle/plugin/software/internal/SoftwareFeaturesDynamicObject_DecoratedCustomizer> (0x00000000935f9e30) 
thrown [s\open\src\hotspot\share\classfile\systemDictionary.cpp, line 256]
Event: 37.544 Thread 0x00000195b978fe70 Exception <a 'java/lang/ClassNotFoundException'{0x0000000093327e48}: build_3va3c9nt60l58kxojgw3tytswBeanInfo> (0x0000000093327e48) 
thrown [s\open\src\hotspot\share\classfile\systemDictionary.cpp, line 256]
Event: 37.545 Thread 0x00000195b978fe70 Exception <a 'java/lang/ClassNotFoundException'{0x0000000093334fe8}: build_3va3c9nt60l58kxojgw3tytswCustomizer> (0x0000000093334fe8) 
thrown [s\open\src\hotspot\share\classfile\systemDictionary.cpp, line 256]
Event: 38.277 Thread 0x00000195b978fe70 Exception <a 'java/lang/NoSuchMethodError'{0x0000000091af8ba8}: 'java.lang.Object java.lang.invoke.DirectMethodHandle$Holder.invokeSpecial(java.lang.Object, java.lang.Object, long, java.lang.Object, java.lang.Object, java.lang.Object, java.lang.Object, java.lang.Object, java.lang.Object, java.lang.Object, java.lang.Object, java.lang.Object)'> (0x0000000091af8ba8) 
thrown [s\open\src\hotspot\share\interpreter\linkResolver.cpp, line 759]
Event: 38.277 Thread 0x00000195b978fe70 Exception <a 'java/lang/NoSuchMethodError'{0x0000000091afede0}: 'java.lang.Object java.lang.invoke.DelegatingMethodHandle$Holder.reinvoke_L(java.lang.Object, long, java.lang.Object, java.lang.Object, java.lang.Object, java.lang.Object, java.lang.Object, java.lang.Object, java.lang.Object, java.lang.Object, java.lang.Object)'> (0x0000000091afede0) 
thrown [s\open\src\hotspot\share\interpreter\linkResolver.cpp, line 759]
Event: 40.372 Thread 0x00000195b978fe70 Implicit null exception at 0x000001958f4e38ca to 0x000001958f4e4148
Event: 41.049 Thread 0x00000195b978fe70 Exception <a 'sun/nio/fs/WindowsException'{0x000000008e1225b8}> (0x000000008e1225b8) 
thrown [s\open\src\hotspot\share\prims\jni.cpp, line 516]

VM Operations (20 events):
Event: 36.390 Executing VM operation: HandshakeAllThreads
Event: 36.390 Executing VM operation: HandshakeAllThreads done
Event: 36.422 Executing VM operation: HandshakeAllThreads
Event: 36.423 Executing VM operation: HandshakeAllThreads done
Event: 36.893 Executing VM operation: G1CollectForAllocation
Event: 36.908 Executing VM operation: G1CollectForAllocation done
Event: 37.919 Executing VM operation: Cleanup
Event: 37.919 Executing VM operation: Cleanup done
Event: 38.920 Executing VM operation: Cleanup
Event: 38.921 Executing VM operation: Cleanup done
Event: 39.921 Executing VM operation: Cleanup
Event: 39.921 Executing VM operation: Cleanup done
Event: 39.997 Executing VM operation: HandshakeAllThreads
Event: 39.998 Executing VM operation: HandshakeAllThreads done
Event: 40.244 Executing VM operation: HandshakeAllThreads
Event: 40.245 Executing VM operation: HandshakeAllThreads done
Event: 40.246 Executing VM operation: HandshakeAllThreads
Event: 40.246 Executing VM operation: HandshakeAllThreads done
Event: 41.257 Executing VM operation: Cleanup
Event: 41.257 Executing VM operation: Cleanup done

Events (20 events):
Event: 40.401 loading class java/security/interfaces/ECKey done
Event: 40.402 loading class java/security/interfaces/XECKey
Event: 40.402 loading class java/security/interfaces/XECKey done
Event: 40.402 loading class sun/security/util/KeyUtil
Event: 40.402 loading class sun/security/util/KeyUtil done
Event: 40.402 loading class sun/security/util/Length
Event: 40.403 loading class sun/security/util/Length done
Event: 40.403 loading class javax/crypto/SecretKey
Event: 40.403 loading class javax/crypto/SecretKey done
Event: 40.404 loading class java/util/Base64
Event: 40.404 loading class java/util/Base64 done
Event: 40.405 loading class java/util/Base64$Decoder
Event: 40.405 loading class java/util/Base64$Decoder done
Event: 40.405 loading class java/util/Base64$Encoder
Event: 40.406 loading class java/util/Base64$Encoder done
Event: 40.413 loading class java/util/jar/JarVerifier$VerifierStream
Event: 40.440 loading class java/util/jar/JarVerifier$VerifierStream done
Event: 40.440 loading class sun/security/util/ManifestEntryVerifier$SunProviderHolder
Event: 40.440 loading class sun/security/util/ManifestEntryVerifier$SunProviderHolder done
Event: 41.315 Thread 0x00000195ba2b3a90 Thread exited: 0x00000195ba2b3a90


Dynamic libraries:
0x00007ff63dfa0000 - 0x00007ff63dfb0000 	C:\Program Files\Java\jdk-17\bin\java.exe
0x00007ffe63670000 - 0x00007ffe63868000 	C:\Windows\SYSTEM32\ntdll.dll
0x00007ffe62eb0000 - 0x00007ffe62f72000 	C:\Windows\System32\KERNEL32.DLL
0x00007ffe611e0000 - 0x00007ffe614d6000 	C:\Windows\System32\KERNELBASE.dll
0x00007ffe61590000 - 0x00007ffe61690000 	C:\Windows\System32\ucrtbase.dll
0x00007ffe5b510000 - 0x00007ffe5b52b000 	C:\Program Files\Java\jdk-17\bin\VCRUNTIME140.dll
0x00007ffe5d400000 - 0x00007ffe5d419000 	C:\Program Files\Java\jdk-17\bin\jli.dll
0x00007ffe61cb0000 - 0x00007ffe61d61000 	C:\Windows\System32\ADVAPI32.dll
0x00007ffe61b00000 - 0x00007ffe61b9e000 	C:\Windows\System32\msvcrt.dll
0x00007ffe62560000 - 0x00007ffe625ff000 	C:\Windows\System32\sechost.dll
0x00007ffe63300000 - 0x00007ffe63420000 	C:\Windows\System32\RPCRT4.dll
0x00007ffe60d00000 - 0x00007ffe60d27000 	C:\Windows\System32\bcrypt.dll
0x00007ffe62600000 - 0x00007ffe627a1000 	C:\Windows\System32\USER32.dll
0x00007ffe60f70000 - 0x00007ffe60f92000 	C:\Windows\System32\win32u.dll
0x00007ffe4b450000 - 0x00007ffe4b6eb000 	C:\Windows\WinSxS\amd64_microsoft.windows.common-controls_6595b64144ccf1df_6.0.19041.6456_none_60b8a6cb71f64256\COMCTL32.dll
0x00007ffe62f90000 - 0x00007ffe62fbb000 	C:\Windows\System32\GDI32.dll
0x00007ffe610c0000 - 0x00007ffe611d9000 	C:\Windows\System32\gdi32full.dll
0x00007ffe60fa0000 - 0x00007ffe6103d000 	C:\Windows\System32\msvcp_win.dll
0x00007ffe58540000 - 0x00007ffe5854a000 	C:\Windows\SYSTEM32\VERSION.dll
0x00007ffe62940000 - 0x00007ffe6296f000 	C:\Windows\System32\IMM32.DLL
0x00007ffe5d0d0000 - 0x00007ffe5d0dc000 	C:\Program Files\Java\jdk-17\bin\vcruntime140_1.dll
0x00007ffe430c0000 - 0x00007ffe4314e000 	C:\Program Files\Java\jdk-17\bin\msvcp140.dll
0x00007ffe07ba0000 - 0x00007ffe08780000 	C:\Program Files\Java\jdk-17\bin\server\jvm.dll
0x00007ffe61c10000 - 0x00007ffe61c18000 	C:\Windows\System32\PSAPI.DLL
0x00007ffe45b80000 - 0x00007ffe45b89000 	C:\Windows\SYSTEM32\WSOCK32.dll
0x00007ffe4b790000 - 0x00007ffe4b7b7000 	C:\Windows\SYSTEM32\WINMM.dll
0x00007ffe61ba0000 - 0x00007ffe61c0b000 	C:\Windows\System32\WS2_32.dll
0x00007ffe5eb30000 - 0x00007ffe5eb42000 	C:\Windows\SYSTEM32\kernel.appcore.dll
0x00007ffe5b500000 - 0x00007ffe5b50a000 	C:\Program Files\Java\jdk-17\bin\jimage.dll
0x00007ffe4b880000 - 0x00007ffe4ba81000 	C:\Windows\SYSTEM32\DBGHELP.DLL
0x00007ffe421d0000 - 0x00007ffe42204000 	C:\Windows\SYSTEM32\dbgcore.DLL
0x00007ffe60e90000 - 0x00007ffe60f12000 	C:\Windows\System32\bcryptPrimitives.dll
0x00007ffe5a250000 - 0x00007ffe5a25e000 	C:\Program Files\Java\jdk-17\bin\instrument.dll
0x00007ffe5b4d0000 - 0x00007ffe5b4f5000 	C:\Program Files\Java\jdk-17\bin\java.dll
0x00007ffe34840000 - 0x00007ffe34917000 	C:\Program Files\Java\jdk-17\bin\jsvml.dll
0x00007ffe61dd0000 - 0x00007ffe62540000 	C:\Windows\System32\SHELL32.dll
0x00007ffe5ed30000 - 0x00007ffe5f4d5000 	C:\Windows\SYSTEM32\windows.storage.dll
0x00007ffe62970000 - 0x00007ffe62cc4000 	C:\Windows\System32\combase.dll
0x00007ffe60650000 - 0x00007ffe6067b000 	C:\Windows\SYSTEM32\Wldp.dll
0x00007ffe63420000 - 0x00007ffe634ed000 	C:\Windows\System32\OLEAUT32.dll
0x00007ffe62e00000 - 0x00007ffe62ead000 	C:\Windows\System32\SHCORE.dll
0x00007ffe628d0000 - 0x00007ffe6292b000 	C:\Windows\System32\shlwapi.dll
0x00007ffe60c30000 - 0x00007ffe60c54000 	C:\Windows\SYSTEM32\profapi.dll
0x00007ffe4dc30000 - 0x00007ffe4dc48000 	C:\Program Files\Java\jdk-17\bin\zip.dll
0x00007ffe555e0000 - 0x00007ffe555f9000 	C:\Program Files\Java\jdk-17\bin\net.dll
0x00007ffe58200000 - 0x00007ffe5830a000 	C:\Windows\SYSTEM32\WINHTTP.dll
0x00007ffe60430000 - 0x00007ffe6049a000 	C:\Windows\system32\mswsock.dll
0x00007ffe555c0000 - 0x00007ffe555d6000 	C:\Program Files\Java\jdk-17\bin\nio.dll
0x00007ffe5b200000 - 0x00007ffe5b210000 	C:\Program Files\Java\jdk-17\bin\verify.dll
0x00007ffe4d990000 - 0x00007ffe4d9b7000 	C:\Users\Kashif Ali\.gradle\native\1def1411415f61bf3af743bc5b6707747c0891f09f0c88961ee8f79bc544acac\windows-amd64\native-platform.dll
0x00007ffe37b30000 - 0x00007ffe37ba7000 	C:\Users\Kashif Ali\.gradle\native\0.2.8\x86_64-windows-gnu\gradle-fileevents.dll
0x00007ffe5b4c0000 - 0x00007ffe5b4ca000 	C:\Program Files\Java\jdk-17\bin\management.dll
0x00007ffe5b470000 - 0x00007ffe5b47b000 	C:\Program Files\Java\jdk-17\bin\management_ext.dll
0x00007ffe600e0000 - 0x00007ffe6011b000 	C:\Windows\SYSTEM32\IPHLPAPI.DLL
0x00007ffe62f80000 - 0x00007ffe62f88000 	C:\Windows\System32\NSI.dll
0x00007ffe5a080000 - 0x00007ffe5a097000 	C:\Windows\SYSTEM32\dhcpcsvc6.DLL
0x00007ffe59d80000 - 0x00007ffe59d9d000 	C:\Windows\SYSTEM32\dhcpcsvc.DLL
0x00007ffe60120000 - 0x00007ffe601ea000 	C:\Windows\SYSTEM32\DNSAPI.dll
0x00007ffe60690000 - 0x00007ffe606a8000 	C:\Windows\SYSTEM32\CRYPTSP.dll
0x00007ffe5fd00000 - 0x00007ffe5fd38000 	C:\Windows\system32\rsaenh.dll
0x00007ffe60bb0000 - 0x00007ffe60bde000 	C:\Windows\SYSTEM32\USERENV.dll
0x00007ffe605c0000 - 0x00007ffe605cc000 	C:\Windows\SYSTEM32\CRYPTBASE.dll
0x00007ffe555b0000 - 0x00007ffe555be000 	C:\Program Files\Java\jdk-17\bin\sunmscapi.dll
0x00007ffe60d30000 - 0x00007ffe60e8d000 	C:\Windows\System32\CRYPT32.dll
0x00007ffe607a0000 - 0x00007ffe607c7000 	C:\Windows\SYSTEM32\ncrypt.dll
0x00007ffe60760000 - 0x00007ffe6079b000 	C:\Windows\SYSTEM32\NTASN1.dll
0x00007ffe48f20000 - 0x00007ffe48f27000 	C:\Windows\system32\wshunix.dll
0x00007ffe5d270000 - 0x00007ffe5d304000 	C:\Windows\system32\apphelp.dll

dbghelp: loaded successfully - version: 4.0.5 - missing functions: none
symbol engine: initialized successfully - sym options: 0x614 - pdb path: .;C:\Program Files\Java\jdk-17\bin;C:\Windows\SYSTEM32;C:\Windows\WinSxS\amd64_microsoft.windows.common-controls_6595b64144ccf1df_6.0.19041.6456_none_60b8a6cb71f64256;C:\Program Files\Java\jdk-17\bin\server;C:\Users\Kashif Ali\.gradle\native\1def1411415f61bf3af743bc5b6707747c0891f09f0c88961ee8f79bc544acac\windows-amd64;C:\Users\Kashif Ali\.gradle\native\0.2.8\x86_64-windows-gnu

VM Arguments:
jvm_args: --add-opens=java.base/java.lang=ALL-UNNAMED --add-opens=java.base/java.lang.invoke=ALL-UNNAMED --add-opens=java.base/java.util=ALL-UNNAMED --add-opens=java.prefs/java.util.prefs=ALL-UNNAMED --add-exports=jdk.compiler/com.sun.tools.javac.api=ALL-UNNAMED --add-exports=jdk.compiler/com.sun.tools.javac.util=ALL-UNNAMED --add-opens=java.base/java.util=ALL-UNNAMED --add-opens=java.prefs/java.util.prefs=ALL-UNNAMED --add-opens=java.base/java.nio.charset=ALL-UNNAMED --add-opens=java.base/java.net=ALL-UNNAMED --add-opens=java.base/java.util.concurrent=ALL-UNNAMED --add-opens=java.base/java.util.concurrent.atomic=ALL-UNNAMED --add-opens=java.xml/javax.xml.namespace=ALL-UNNAMED -XX:MaxMetaspaceSize=512m -Xmx2048m -Dfile.encoding=windows-1252 -Duser.country=US -Duser.language=en -Duser.variant -javaagent:C:\Users\Kashif Ali\.gradle\wrapper\dists\gradle-9.0.0-bin\d6wjpkvcgsg3oed0qlfss3wgl\gradle-9.0.0\lib\agents\gradle-instrumentation-agent-9.0.0.jar 
java_command: org.gradle.launcher.daemon.bootstrap.GradleDaemon 9.0.0
java_class_path (initial): C:\Users\Kashif Ali\.gradle\wrapper\dists\gradle-9.0.0-bin\d6wjpkvcgsg3oed0qlfss3wgl\gradle-9.0.0\lib\gradle-daemon-main-9.0.0.jar
Launcher Type: SUN_STANDARD

[Global flags]
     intx CICompilerCount                          = 3                                         {product} {ergonomic}
   size_t CompressedClassSpaceSize                 = 436207616                                 {product} {ergonomic}
     uint ConcGCThreads                            = 1                                         {product} {ergonomic}
     uint G1ConcRefinementThreads                  = 4                                         {product} {ergonomic}
   size_t G1HeapRegionSize                         = 1048576                                   {product} {ergonomic}
    uintx GCDrainStackTargetSize                   = 64                                        {product} {ergonomic}
   size_t InitialHeapSize                          = 266338304                                 {product} {ergonomic}
   size_t MarkStackSize                            = 4194304                                   {product} {ergonomic}
   size_t MaxHeapSize                              = 2147483648                                {product} {command line}
   size_t MaxMetaspaceSize                         = 536870912                                 {product} {command line}
   size_t MaxNewSize                               = 1287651328                                {product} {ergonomic}
   size_t MinHeapDeltaBytes                        = 1048576                                   {product} {ergonomic}
   size_t MinHeapSize                              = 8388608                                   {product} {ergonomic}
    uintx NonNMethodCodeHeapSize                   = 5832780                                {pd product} {ergonomic}
    uintx NonProfiledCodeHeapSize                  = 122912730                              {pd product} {ergonomic}
    uintx ProfiledCodeHeapSize                     = 122912730                              {pd product} {ergonomic}
    uintx ReservedCodeCacheSize                    = 251658240                              {pd product} {ergonomic}
     bool SegmentedCodeCache                       = true                                      {product} {ergonomic}
   size_t SoftMaxHeapSize                          = 2147483648                             {manageable} {ergonomic}
     bool UseCompressedClassPointers               = true                           {product lp64_product} {ergonomic}
     bool UseCompressedOops                        = true                           {product lp64_product} {ergonomic}
     bool UseG1GC                                  = true                                      {product} {ergonomic}
     bool UseLargePagesIndividualAllocation        = false                                  {pd product} {ergonomic}

Logging:
Log output configuration:
 #0: stdout all=warning uptime,level,tags
 #1: stderr all=off uptime,level,tags

Environment Variables:
JAVA_HOME=C:\Program Files\Java\jdk-17
PATH=D:\HisabKaro\moblle\Hisab-Karo\node_modules\.bin;D:\HisabKaro\moblle\node_modules\.bin;D:\HisabKaro\node_modules\.bin;D:\node_modules\.bin;C:\Users\Kashif Ali\AppData\Roaming\nvm\v22.14.0\node_modules\npm\node_modules\@npmcli\run-script\lib\node-gyp-bin;C:\Andriod\platform-tools;C:\Andriod\cmdline-tools\latest\bin;c:\Users\Kashif Ali\AppData\Roaming\Code\User\globalStorage\github.copilot-chat\debugCommand;c:\Users\Kashif Ali\AppData\Roaming\Code\User\globalStorage\github.copilot-chat\copilotCli;C:\Andriod\cmdline-tools\latest\bin;C:\Andriod\platform-tools;C:\Program Files\Python38\Scripts\;C:\Program Files\Python38\;C:\Program Files\Common Files\Oracle\Java\javapath;C:\Program Files (x86)\Common Files\Oracle\Java\javapath;C:\Windows\system32;C:\Windows;C:\Windows\System32\Wbem;C:\Windows\System32\WindowsPowerShell\v1.0\;C:\Windows\System32\OpenSSH\;C:\Program Files\wkhtmltopdf\bin;C:\MinGW\bin;C:\Program Files\Git\cmd;C:\msys64\home\Kashif Ali\.local\share;C:\msys64\mingw64\bin;C:\msys64\ucrt64\share\;C:\msys64\usr\local\share\;C:\msys64\usr\share\;C:\msys64\mingw64\lib\pkgconfig;C:\Program Files\GTK3-Runtime Win64\bin;C:\ProgramData\chocolatey\bin;c:\Program Files (x86)\Intel\Intel(R) Management Engine Components\DAL;c:\Program Files\Intel\Intel(R) Management Engine Components\DAL;C:\Program Files\Redis\redis-server;C:\Program Files\Redis\redis-cli;C:\Program Files\Redis;C:\Program Files\PuTTY\;D:\xamp\php;D:\kafka\bin\windows;D:\flutter\flutter\bin;C:\Program Files\Microsoft SQL Server\150\Tools\Binn\;C:\Users\Kashif Ali\AppData\Roaming\nvm;C:\Program Files\nodejs;C:\Users\Kashif Ali\AppData\Local\Programs\Python\Python39-32\Scripts\;D:\qemu\;C:\Program Files\Docker\Docker\resources\bin;C:\Program Files\Go\bin;C:\Program Files\CMake\bin;C:\ProgramData\mingw64\mingw64\bin;C:\Program Files (x86)\Microsoft SQL Server\160\Tools\Binn\;C:\Program Files\Microsoft SQL Server\160\Tools\Binn\;C:\Program Files\Microsoft SQL Server\Client SDK\ODBC\170\Tools\Binn\;C:\Program
USERNAME=Kashif Ali
LANG=en_US.UTF-8
OS=Windows_NT
PROCESSOR_IDENTIFIER=Intel64 Family 6 Model 142 Stepping 9, GenuineIntel



---------------  S Y S T E M  ---------------

OS:
 Windows 10 , 64 bit Build 19041 (10.0.19041.5915)
OS uptime: 2 days 2:29 hours
Hyper-V role detected

CPU: total 4 (initial active 4) (2 cores per cpu, 2 threads per core) family 6 model 142 stepping 9 microcode 0xf0, cx8, cmov, fxsr, ht, mmx, 3dnowpref, sse, sse2, sse3, ssse3, sse4.1, sse4.2, popcnt, lzcnt, tsc, tscinvbit, avx, avx2, aes, erms, clmul, bmi1, bmi2, rtm, adx, fma, vzeroupper, clflush, clflushopt, hv

Memory: 4k page, system-wide physical 16218M (1720M free)
TotalPageFile size 23742M (AvailPageFile size 24M)
current process WorkingSet (physical memory assigned to process): 508M, peak: 514M
current process commit charge ("private bytes"): 615M, peak: 630M

vm_info: Java HotSpot(TM) 64-Bit Server VM (17.0.12+8-LTS-286) for windows-amd64 JRE (17.0.12+8-LTS-286), built on Jun  5 2024 06:46:59 by "mach5one" with MS VC++ 17.6 (VS2022)

END.
